wid,user_name,user_id,gender,publish_time,text,like_count,comment_count,forward_count
4858442487957062,楊培安RogerYang,1656409327,m,2023-01-16 07:46:57,"#假唱#
#你如何看待假唱#

這…還算是個能上熱搜的標題嗎？

現在還存不存在「假唱」這件事？
當然有！

不管官方再怎麼三申五令
就是有！
（連官方晚會自己都假唱了…）

不好意思…我一向有話直說…

怎麼看待假唱？分二個看法。

我可以接受其他人假唱。
尤其是演員、主持人等本業非歌手的。
我個人覺得這是可以被接受的。

我也能接受半假場（墊音）。
畢竟重大晚會或直播，主辦方可能有他們的要求
歌手不見得能「如願以償」。

我不能接受的：
是我楊培安自己假唱。在任何狀況下。
以及有人明明假唱，卻死不承認。

事實是什麼就是什麼。
騙得了所有人，別連自己跟老天爺都騙了。 台湾·台北",46946,2903,413
4858429304209999,是妳的小祖宗呀,6323630143,f,2023-01-16 06:54:34,#假唱#造谣的人永远看不到澄清，因为他们只看到他们想看到的。不知道说什么了，那就祝所有善良的人新年快乐，大过年还恰烂💰的过不了好年#你如何看待假唱# Ysoseek的微博视频,13423,513,569
4858471792509080,扒圈小记,5665478463,f,2023-01-16 09:43:23,歌手杨培安发文说：“有些人明明假唱，却不承认”，被质疑内涵王一博。 在杨培安评论区被王一博粉丝占领之后，他连忙在评论区回应：“没有针对哪一位歌手”。 大家觉得王一博到底有没有假唱？ #假唱##汪涵 多给我们家一博机会#,10403,345,13
4858287054656499,说给玫瑰开荒中,6786768819,f,2023-01-15 21:29:19,#假唱#要不是看了粉丝直拍我还真以为黑说的是真的呢。 别狗叫了，一起感谢拉高湖南卫视收视率，带湖南卫视登顶的男人吧 FLUOXETINE·王一博的微博视频,121907,6286,11819
4858446760903232,追剧综的李二狗,2151481347,m,2023-01-16 08:03:56,"#杨培安说不能接受自己假唱#
针对假唱现象，歌手杨培安发文说“我不能接受的是‘我杨培安自己假唱，任何情况下都不行。以及明明有人假唱，却死不承认”。
你怎么评价杨培安对假唱的态度？
杨培安有很多脍炙人口的作品，
比如《我相信》：我相信我就是我，我相信明天
《爱上你是一个错》：为你我付出这么的多，却让我痛到有苦不能说。因为我爱你就像那飞蛾扑向火。
你最喜欢哪一首？
#假唱#",3136,254,70
4858472917894472,我的啵塞東,7500764512,m,2023-01-16 09:47:52,#假唱# 真的没完了是吧 小黑子故意音画不同步尬黑 没有判断力的人才会跟着上当哟 三十年后保健品受众群体🈶️ 实在想看就来看看粉丝拍的现场 听完觉得还不过瘾那就大年初一再来电影院里听听 我的啵塞東的微博视频,21841,750,1983
4858475023437678,叫我姨太好了,5751949769,f,2023-01-16 09:56:14,"歌手杨培安发文谈自己对假唱的看法：“我不能接受我杨培安假唱，也不能接受有人明明假唱，却死不承认。”

王一博粉丝在评论区喊冤，另外说明昨天晚上的画面“被恶剪”。

杨培安解释：“我是对假唱这件事发表看法，没有针对个人的意思。为什么要帮自己支持的人的对号入座？”

#假唱# #你如何看待假唱#",9774,336,6
4858459537015327,酒亓八五,1774751607,f,2023-01-16 08:54:42,"#汪涵 多给我们家一博机会#
现在的风气真恶心
万家盼你倒 找各种角度黑 拉低你路人缘
一条只有一个媒体发布的词条 能挂在热搜一整晚 现在还在“沸”，（真正需要上热搜的事从来都是被秒撤的）
粉丝不能发言 说话就是在洗白 不说话是默认
然后一群人在词条对一个人辱骂拉踩和诋毁 并且还要嘲笑粉丝 享受一种一呼百应的感觉 以此获得自己内心的满足感
我如果不喜欢某个东西 我一定碰都不会碰 不知道又要看又要骂的人 到底是出于什么心理 可能现实生活里真的过得不太好吧
#假唱#",12162,508,469
4858470967018355,野生炸姐,6354913856,f,2023-01-16 09:40:07,杨培安发文说自己讨厌假唱却死不承认的人 评论区有人问他：“你是谁” 拜托！！！他是《我相信》的原唱啊！！不会有人在学校没有听过吧…… #假唱##你如何看待假唱#,3615,165,7
4858294172131691,禁止洗糖,1803090453,f,2023-01-15 21:57:36,#假唱# 我的录频和黑子的怎么不一样啊，是不是直播有延迟呢，不如看看站姐直拍 ，最后大年初一，电影院《无名》与大家不见不散禁止洗糖的微博视频,56090,2988,4897
4858491691077304,是派大然,5891215937,f,2023-01-16 11:02:28,#假唱# 好努力票房不行都对不起粉丝,0,0,0
4858491670102765,枯荷BJ,1190913295,f,2023-01-16 11:02:23,"#假唱#昨晚无名的导演程耳的话令所有羡慕嫉妒恨的人破防（圈内圈外全算上） 。他们知道他优秀，但是能被一个业内都尊崇有加的导演这么夸，别说那些人，就是我都颇为震惊，要知道这是程耳用自己二十年的业内段位做背书，可见王一博真的会给人带来惊喜。

平遥电影节上我才知道，是程耳要王一博出演，余冬亲自去请的王一博。优秀的人，总是会被优秀的人遇上引为知己，惺惺相惜。 枯荷BJ的微博视频",0,0,0
4858491657523376,收藏一朵小玫瑰,5836423421,f,2023-01-16 11:02:20,"#假唱#
为什么说杨培安针对wyb啊
大概看了一下编辑记录貌似也没cue到他？",0,0,0
4858491656999758,别惹我是夹总亲妈,1771307570,f,2023-01-16 11:02:20,"#假唱#
大年初一！看無名！程耳 梁朝偉 王一博曠世巨作！吃瓜也要有瓜德！記得買張票支持無名！",0,0,0
4858491619513466,淇淇果青柠,6181402326,f,2023-01-16 11:02:11,"#假唱#
凑个热闹反正不知道是谁",0,0,0
4858491606929872,明天是雨天123,7639918095,m,2023-01-16 11:02:08,#假唱#不用多说，看图,1,0,0
4858491581239767,予你想念,1869481367,f,2023-01-16 11:02:02,"#假唱#
一直都很相信大导选人的眼光，
尤言记得王一博曾经说：我能吃苦！
你热爱摩托车，考了职业赛车手
比赛上了cctv体育频道拿到了很好的成绩。
被私生装定位，被黑子恶意报假警！
你同样也一直强调引导，
和粉丝永远懂得保持适当的距离感。
从来不追星，大龄追星一路考究4年了
感受到的是你对待普通人的同理心，
感受到你一步一步成长磨砺成长，
唱歌听了那么多曲你的舞台，无须多言！
为了一个舞台30多遍的彩排为我们呈现
完美舞台💓
你炙热真诚比许多人都要强
一步一步走来，感觉在这浑水一样娱乐圈
你依然保持初心，相信你！支持你！✨
昨天无名的歌曲演绎的很好听，程耳导演写的歌词需要细细品味。黑子“小黑”们，你们所黑#假唱# 变相的成为对他完美演唱的肯定
期待大年初一的无名，无名必将赫赫有名。
程耳导演用他所独有的艺术美学呈现了令我所期待的剧情，没有一位沉重，在一种爽燃的剧情铺展中回顾那段历史。",0,0,0
4858491548995154,大余县法院,3938519907,m,2023-01-16 11:01:54,#假唱#【#观看演出遇假唱观众有权依法追偿#】春节临近，各大卫视的春晚陆续上演，假唱的话题也登上热搜榜。#法报君说#假唱、假演奏是指演员在演出过程中，使用事先录制好的歌曲、乐曲代替现场演唱、演奏的行为。根据《营业性演出管理条例》第二十八条规定，“演员不得以假唱欺骗观众，演出举办单位不得组织演员假唱。任何单位或者个人不得为假唱提供条件。演出举办单位应当派专人对演出进行监督，防止假唱行为的发生”。同时，该条例第四十七条规定，以假唱欺骗观众的，观众有权在退场后依照有关消费者权益保护的法律规定要求演出举办单位赔偿损失；演出举办单位可以依法向负有责任的文艺表演团体、演员追偿；由县级人民政府文化主管部门处5万元以上10万元以下的罚款。为演员假唱提供条件的，由县级人民政府文化主管部门处5000元以上1万元以下的罚款。演员假唱是对消费者的“欺诈”，打击假唱，消费者要主动维权，主管部门也应负起责任。（作者：邹星宇）,0,0,0
4858488675635373,一剪寒梅鸣翠柳,6391379454,m,2023-01-16 10:50:29,"#假唱#本来就是吃瓜的，但看到王一博粉丝对杨培安老师如此不敬。。
1，不要用饭圈那套对杨培安老师，你们不配。
2，杨培安是谁？不用我说，仅仅听过“我相信”这首歌的人就有千千万万，你家哥哥见面都要叫老师。
3，假没假唱你们自己心里没数吗？",55,9,0
4858491511247490,Sweetie的楠楠,6451536825,f,2023-01-16 11:01:45,"#假唱#
还在热搜上？
粉丝直拍噗哈哈哈这不进一步证明了假唱么，睁眼说瞎话的能力炉火纯青
歌手干不好本业，还能期待副业么",1,0,0
4858442487957062,楊培安RogerYang,1656409327,m,2023-01-16 07:46:57,"#假唱#
#你如何看待假唱#

這…還算是個能上熱搜的標題嗎？

現在還存不存在「假唱」這件事？
當然有！

不管官方再怎麼三申五令
就是有！
（連官方晚會自己都假唱了…）

不好意思…我一向有話直說…

怎麼看待假唱？分二個看法。

我可以接受其他人假唱。
尤其是演員、主持人等本業非歌手的。
我個人覺得這是可以被接受的。

我也能接受半假場（墊音）。
畢竟重大晚會或直播，主辦方可能有他們的要求
歌手不見得能「如願以償」。

我不能接受的：
是我楊培安自己假唱。在任何狀況下。
以及有人明明假唱，卻死不承認。

事實是什麼就是什麼。
騙得了所有人，別連自己跟老天爺都騙了。 台湾·台北",47431,2896,432
4858472917894472,我的啵塞東,7500764512,m,2023-01-16 09:47:52,#假唱# 真的没完了是吧 小黑子故意音画不同步尬黑 没有判断力的人才会跟着上当哟 三十年后保健品受众群体🈶️ 实在想看就来看看粉丝拍的现场 听完觉得还不过瘾那就大年初一再来电影院里听听 我的啵塞東的微博视频,22254,760,2020
4858459537015327,酒亓八五,1774751607,f,2023-01-16 08:54:42,"#汪涵 多给我们家一博机会#
现在的风气真恶心
万家盼你倒 找各种角度黑 拉低你路人缘
一条只有一个媒体发布的词条 能挂在热搜一整晚 现在还在“沸”，（真正需要上热搜的事从来都是被秒撤的）
粉丝不能发言 说话就是在洗白 不说话是默认
然后一群人在词条对一个人辱骂拉踩和诋毁 并且还要嘲笑粉丝 享受一种一呼百应的感觉 以此获得自己内心的满足感
我如果不喜欢某个东西 我一定碰都不会碰 不知道又要看又要骂的人 到底是出于什么心理 可能现实生活里真的过得不太好吧
#假唱#",12323,510,473
4858475023437678,叫我姨太好了,5751949769,f,2023-01-16 09:56:14,"歌手杨培安发文谈自己对假唱的看法：“我不能接受我杨培安假唱，也不能接受有人明明假唱，却死不承认。”

王一博粉丝在评论区喊冤，另外说明昨天晚上的画面“被恶剪”。

杨培安解释：“我是对假唱这件事发表看法，没有针对个人的意思。为什么要帮自己支持的人的对号入座？”

#假唱# #你如何看待假唱#",10138,357,6
4858429304209999,是妳的小祖宗呀,6323630143,f,2023-01-16 06:54:34,#假唱#造谣的人永远看不到澄清，因为他们只看到他们想看到的。不知道说什么了，那就祝所有善良的人新年快乐，大过年还恰烂💰的过不了好年#你如何看待假唱# Ysoseek的微博视频,13585,518,575
4858471792509080,扒圈小记,5665478463,f,2023-01-16 09:43:23,歌手杨培安发文说：“有些人明明假唱，却不承认”，被质疑内涵王一博。 在杨培安评论区被王一博粉丝占领之后，他连忙在评论区回应：“没有针对哪一位歌手”。 大家觉得王一博到底有没有假唱？ #假唱##汪涵 多给我们家一博机会#,10836,365,13
4858470967018355,野生炸姐,6354913856,f,2023-01-16 09:40:07,杨培安发文说自己讨厌假唱却死不承认的人 评论区有人问他：“你是谁” 拜托！！！他是《我相信》的原唱啊！！不会有人在学校没有听过吧…… #假唱##你如何看待假唱#,5133,183,7
4858287054656499,说给玫瑰开荒中,6786768819,f,2023-01-15 21:29:19,#假唱#要不是看了粉丝直拍我还真以为黑说的是真的呢。 别狗叫了，一起感谢拉高湖南卫视收视率，带湖南卫视登顶的男人吧 FLUOXETINE·王一博的微博视频,122016,6286,11822
4858446760903232,追剧综的李二狗,2151481347,m,2023-01-16 08:03:56,"#杨培安说不能接受自己假唱#
针对假唱现象，歌手杨培安发文说“我不能接受的是‘我杨培安自己假唱，任何情况下都不行。以及明明有人假唱，却死不承认”。
你怎么评价杨培安对假唱的态度？
杨培安有很多脍炙人口的作品，
比如《我相信》：我相信我就是我，我相信明天
《爱上你是一个错》：为你我付出这么的多，却让我痛到有苦不能说。因为我爱你就像那飞蛾扑向火。
你最喜欢哪一首？
#假唱#",3218,259,70
4858298304826710,无事渡清欢,7294889230,f,2023-01-15 22:14:01,#假唱#小🍠刷到另外直拍咯 我说造谣的人不妨睁大眼睛看看 造谣的一人贡献两张无名的票房补偿哈 无名正在预售中 大年初一上映哈 无事渡清欢的微博视频,32398,1502,2312
4858493083845081,小墨非墨-1126,2549889947,f,2023-01-16 11:07:59,#假唱#哈哈哈哈哈哈哈爆，哈哈哈哈哈哈电影《无 💚名》大年初一上映，给人故意搞这黑rs，一些yxh绿茶滴问到底是不是真的，我怀疑这些黑子是和电影搞配合，把真唱故意模棱两可，把大家骗进来，然后大喊一句:大年初一看电影《无💚名》，所以到底谁赢了，我猜是《无💚名》,0,0,0
4858493079912871,星夜至曦微,6989018333,f,2023-01-16 11:07:58,"#假唱#
无所谓，但是谁能管管我家周围的影院啊，无名黄金场的好位子都快卖完了，我不会要找个犄角旮旯坐着看吧
大虐，你们有没有人在乎我，你们只在乎王一博",0,0,0
4858493054228252,辣椒真的超级好吃啊,7734404387,f,2023-01-16 11:07:53,#假唱#不爱听谁谁家粉圈烂的，其实都一个味儿，差不多，我以为假唱已经是大家都默认的了，咋还突然因为这个争起来了？,0,0,0
4858493032990739,头顶锅盖跑的快,6415932274,f,2023-01-16 11:07:48,"#假唱#
怎么还在热搜上？刚wyb官方视频和粉丝发的直拍都看了一下，唱是唱了的，能看出脖子上的发力点。但是伴奏部分垫音声音大过了现场麦的声音，可以这么说，现场效果几乎听不到真唱的声音。对于大白嗓几乎没有唱功的人来说，其实假唱与否真的并不重要，他不是以演戏和跳舞为主吗？粉丝也没必要发直拍去解释，懂乐理的都能看出来是什么状况，越描越黑没必要。",2,0,0
4858463115547723,专家叫你别茶了,2319571737,m,2023-01-16 09:08:55,"#王一博湖南卫视春晚花絮照#
昨天在现场看王一博本人的身材比例真的挺突出的👏附上两张近距离生图
#假唱#",31061,1526,4878
4858492994981668,·许忍一夏·,7496932077,m,2023-01-16 11:07:39,#假唱# 搞什么，去亖，一天两天活腻了？这么看不惯别人🔥？小哈巴狗都酸，酸你🐴#汪涵 多给我们家一博机会#,0,0,0
4858492953298487,_島--,6623564142,f,2023-01-16 11:07:29,#假唱#假唱也那么难听，内娱完啦,0,0,0
4858492924725669,怎么找也找不到O,5751733615,m,2023-01-16 11:07:22,#假唱#明明跳舞很出彩，还要去唱歌，假不假唱有那么重要嘛，又都报听。,0,0,0
4858492923937865,仅有一次的防弹bts,5790802363,f,2023-01-16 11:07:22,"#假唱#
谁假唱了
看了半天没看出是谁
不过前两天跟我妹看了跨年演唱会b站各种版本
快笑死了
一个个唱的都什么鬼
印象那个郑秀妍的舞台还可以",0,0,0
4858442487957062,楊培安RogerYang,1656409327,m,2023-01-16 07:46:57,"#假唱#
#你如何看待假唱#

這…還算是個能上熱搜的標題嗎？

現在還存不存在「假唱」這件事？
當然有！

不管官方再怎麼三申五令
就是有！
（連官方晚會自己都假唱了…）

不好意思…我一向有話直說…

怎麼看待假唱？分二個看法。

我可以接受其他人假唱。
尤其是演員、主持人等本業非歌手的。
我個人覺得這是可以被接受的。

我也能接受半假場（墊音）。
畢竟重大晚會或直播，主辦方可能有他們的要求
歌手不見得能「如願以償」。

我不能接受的：
是我楊培安自己假唱。在任何狀況下。
以及有人明明假唱，卻死不承認。

事實是什麼就是什麼。
騙得了所有人，別連自己跟老天爺都騙了。 台湾·台北",49364,2881,444
4858472917894472,我的啵塞東,7500764512,m,2023-01-16 09:47:52,#假唱# 真的没完了是吧 小黑子故意音画不同步尬黑 没有判断力的人才会跟着上当哟 三十年后保健品受众群体🈶️ 实在想看就来看看粉丝拍的现场 听完觉得还不过瘾那就大年初一再来电影院里听听 我的啵塞東的微博视频,22592,773,2037
4858429304209999,是妳的小祖宗呀,6323630143,f,2023-01-16 06:54:34,#假唱#造谣的人永远看不到澄清，因为他们只看到他们想看到的。不知道说什么了，那就祝所有善良的人新年快乐，大过年还恰烂💰的过不了好年#你如何看待假唱# Ysoseek的微博视频,13702,524,581
4858475023437678,叫我姨太好了,5751949769,f,2023-01-16 09:56:14,"歌手杨培安发文谈自己对假唱的看法：“我不能接受我杨培安假唱，也不能接受有人明明假唱，却死不承认。”

王一博粉丝在评论区喊冤，另外说明昨天晚上的画面“被恶剪”。

杨培安解释：“我是对假唱这件事发表看法，没有针对个人的意思。为什么要帮自己支持的人的对号入座？”

#假唱# #你如何看待假唱#",10399,385,6
4858293636564762,Dontlikecarrots,5674680923,f,2023-01-15 21:55:28,不就是宣传了一下大年初一要上映的电影《无名》吗！ 不就是首唱了一下电影《无名》的同名主题曲吗！ 不就是拿了个收视最高峰吗！ 不就是听了一下导演对王一博夸夸夸夸了吗！ 急什么急，等着大年初一看《无名》的时候再急！ #假唱#,42634,2323,5632
4858459537015327,酒亓八五,1774751607,f,2023-01-16 08:54:42,"#汪涵 多给我们家一博机会#
现在的风气真恶心
万家盼你倒 找各种角度黑 拉低你路人缘
一条只有一个媒体发布的词条 能挂在热搜一整晚 现在还在“沸”，（真正需要上热搜的事从来都是被秒撤的）
粉丝不能发言 说话就是在洗白 不说话是默认
然后一群人在词条对一个人辱骂拉踩和诋毁 并且还要嘲笑粉丝 享受一种一呼百应的感觉 以此获得自己内心的满足感
我如果不喜欢某个东西 我一定碰都不会碰 不知道又要看又要骂的人 到底是出于什么心理 可能现实生活里真的过得不太好吧
#假唱#",6214,511,478
4858470967018355,野生炸姐,6354913856,f,2023-01-16 09:40:07,杨培安发文说自己讨厌假唱却死不承认的人 评论区有人问他：“你是谁” 拜托！！！他是《我相信》的原唱啊！！不会有人在学校没有听过吧…… #假唱##你如何看待假唱#,5995,200,7
4858471792509080,扒圈小记,5665478463,f,2023-01-16 09:43:23,歌手杨培安发文说：“有些人明明假唱，却不承认”，被质疑内涵王一博。 在杨培安评论区被王一博粉丝占领之后，他连忙在评论区回应：“没有针对哪一位歌手”。 大家觉得王一博到底有没有假唱？ #假唱##汪涵 多给我们家一博机会#,11078,379,14
4858287054656499,说给玫瑰开荒中,6786768819,f,2023-01-15 21:29:19,#假唱#要不是看了粉丝直拍我还真以为黑说的是真的呢。 别狗叫了，一起感谢拉高湖南卫视收视率，带湖南卫视登顶的男人吧 FLUOXETINE·王一博的微博视频,122088,6287,11826
4858446760903232,追剧综的李二狗,2151481347,m,2023-01-16 08:03:56,"#杨培安说不能接受自己假唱#
针对假唱现象，歌手杨培安发文说“我不能接受的是‘我杨培安自己假唱，任何情况下都不行。以及明明有人假唱，却死不承认”。
你怎么评价杨培安对假唱的态度？
杨培安有很多脍炙人口的作品，
比如《我相信》：我相信我就是我，我相信明天
《爱上你是一个错》：为你我付出这么的多，却让我痛到有苦不能说。因为我爱你就像那飞蛾扑向火。
你最喜欢哪一首？
#假唱#",3286,264,70
4858494358391593,周一多喝水_,7787177013,f,2023-01-16 11:13:04,#假唱#带王一博的都死了,0,0,0
4858494350530046,我的麦芽糖宝贝,1869202601,f,2023-01-16 11:13:02,#假唱#为了现场效果，假唱很正常啊，我能理解#音乐现场#,0,0,0
4858494329817998,对是老白啊,1632020731,f,2023-01-16 11:12:57,"#假唱#
嘉宾席握手位的路人澄清没有假唱，站姐直拍澄清没有假唱，直播视频里演唱时爆起的青筋证明没有假唱。
跟风黑闭着眼喊：他假唱！他假唱！",0,0,0
4858494262706437,丞哥无处不在jungkookV,7277157404,f,2023-01-16 11:12:40,#假唱#拿出证据，不然别造谣,0,0,0
4858494249600736,孙翊菲Iris,3024465372,f,2023-01-16 11:12:38,"#假唱#
别纠结是不是假唱了！大年初一记得带上家人一起来电影院看梁朝伟、王一博等主演的《无名》，该剧已被收录2023年最值得期待影视列表！一起见证不负期待！ 孙翊菲Iris的微博视频",1,0,0
4858494148674996,·向日葵姑娘,7516515380,m,2023-01-16 11:12:14,"#假唱# 不仅假唱，是怎么做到连举话筒
对口型都能慢一步的，彻底摆烂了吧，不过也不是第一次了，无所畏惧罢了",4,0,0
4858494131373821,噼里啪啦BoomTmdBoom,2371558425,m,2023-01-16 11:12:10,#假唱#现在追星的小孩已经魔怔了，已经分不清好坏了，只要装模作样现在的钱太好赚了。以前的歌手竞争激烈，好歌不断，那个年代要是像现在这种环境一样都这么摆烂的话，你连饭都吃不上……,1,0,0
4858494102276851,文明大兴,2646882747,m,2023-01-16 11:12:03,#假唱#再工作一周就到春节了希望大家将文明带个身边的每一个人 网页链接,0,0,0
4858494064268726,九禾狼,7001300401,f,2023-01-16 11:11:54,#假唱#谁假唱？什么假唱？什么情况？,0,0,0
4858494040147273,鹤渡云川,3227795457,f,2023-01-16 11:11:48,#假唱#。咱就是说本来只是一个挺客观的热搜，某某粉丝自己把广场造的成了某人的专属热搜好好笑,1,0,0
4858442487957062,楊培安RogerYang,1656409327,m,2023-01-16 07:46:57,"#假唱#
#你如何看待假唱#

這…還算是個能上熱搜的標題嗎？

現在還存不存在「假唱」這件事？
當然有！

不管官方再怎麼三申五令
就是有！
（連官方晚會自己都假唱了…）

不好意思…我一向有話直說…

怎麼看待假唱？分二個看法。

我可以接受其他人假唱。
尤其是演員、主持人等本業非歌手的。
我個人覺得這是可以被接受的。

我也能接受半假場（墊音）。
畢竟重大晚會或直播，主辦方可能有他們的要求
歌手不見得能「如願以償」。

我不能接受的：
是我楊培安自己假唱。在任何狀況下。
以及有人明明假唱，卻死不承認。

事實是什麼就是什麼。
騙得了所有人，別連自己跟老天爺都騙了。 台湾·台北",49491,2881,446
4858446760903232,追剧综的李二狗,2151481347,m,2023-01-16 08:03:56,"#杨培安说不能接受自己假唱#
针对假唱现象，歌手杨培安发文说“我不能接受的是‘我杨培安自己假唱，任何情况下都不行。以及明明有人假唱，却死不承认”。
你怎么评价杨培安对假唱的态度？
杨培安有很多脍炙人口的作品，
比如《我相信》：我相信我就是我，我相信明天
《爱上你是一个错》：为你我付出这么的多，却让我痛到有苦不能说。因为我爱你就像那飞蛾扑向火。
你最喜欢哪一首？
#假唱#",3300,264,70
4858475023437678,叫我姨太好了,5751949769,f,2023-01-16 09:56:14,"歌手杨培安发文谈自己对假唱的看法：“我不能接受我杨培安假唱，也不能接受有人明明假唱，却死不承认。”

王一博粉丝在评论区喊冤，另外说明昨天晚上的画面“被恶剪”。

杨培安解释：“我是对假唱这件事发表看法，没有针对个人的意思。为什么要帮自己支持的人的对号入座？”

#假唱# #你如何看待假唱#",10419,388,6
4858309150251299,nili火火,2359504980,f,2023-01-15 22:57:07,"#假唱# 尬黑的yxh，你是pg长头上，把脑子拉没了吗？你自己的网络延迟成ppt音画分离了（还是专门调过了？），就赖别人就开始乱造谣了，我看你是人穷怪屋基，屋漏怪瓦稀！废话少说，📣📣📣:大年初一看《无名》
看看你博哥的现场版直拍，开口跪！急了吧你急了吧尬黑凑表脸！废话少说，📣📣📣:大年初一看《无名》
（cr.logo） nili火火的微博视频",27628,1131,968
4858472917894472,我的啵塞東,7500764512,m,2023-01-16 09:47:52,#假唱# 真的没完了是吧 小黑子故意音画不同步尬黑 没有判断力的人才会跟着上当哟 三十年后保健品受众群体🈶️ 实在想看就来看看粉丝拍的现场 听完觉得还不过瘾那就大年初一再来电影院里听听 我的啵塞東的微博视频,22604,773,2040
4858429304209999,是妳的小祖宗呀,6323630143,f,2023-01-16 06:54:34,#假唱#造谣的人永远看不到澄清，因为他们只看到他们想看到的。不知道说什么了，那就祝所有善良的人新年快乐，大过年还恰烂💰的过不了好年#你如何看待假唱# Ysoseek的微博视频,13708,524,581
4858459537015327,酒亓八五,1774751607,f,2023-01-16 08:54:42,"#汪涵 多给我们家一博机会#
现在的风气真恶心
万家盼你倒 找各种角度黑 拉低你路人缘
一条只有一个媒体发布的词条 能挂在热搜一整晚 现在还在“沸”，（真正需要上热搜的事从来都是被秒撤的）
粉丝不能发言 说话就是在洗白 不说话是默认
然后一群人在词条对一个人辱骂拉踩和诋毁 并且还要嘲笑粉丝 享受一种一呼百应的感觉 以此获得自己内心的满足感
我如果不喜欢某个东西 我一定碰都不会碰 不知道又要看又要骂的人 到底是出于什么心理 可能现实生活里真的过得不太好吧
#假唱#",12441,511,478
4858470967018355,野生炸姐,6354913856,f,2023-01-16 09:40:07,杨培安发文说自己讨厌假唱却死不承认的人 评论区有人问他：“你是谁” 拜托！！！他是《我相信》的原唱啊！！不会有人在学校没有听过吧…… #假唱##你如何看待假唱#,6048,201,7
4858471792509080,扒圈小记,5665478463,f,2023-01-16 09:43:23,歌手杨培安发文说：“有些人明明假唱，却不承认”，被质疑内涵王一博。 在杨培安评论区被王一博粉丝占领之后，他连忙在评论区回应：“没有针对哪一位歌手”。 大家觉得王一博到底有没有假唱？ #假唱##汪涵 多给我们家一博机会#,11107,381,14
4858287054656499,说给玫瑰开荒中,6786768819,f,2023-01-15 21:29:19,#假唱#要不是看了粉丝直拍我还真以为黑说的是真的呢。 别狗叫了，一起感谢拉高湖南卫视收视率，带湖南卫视登顶的男人吧 FLUOXETINE·王一博的微博视频,122093,6287,11826
4858494466919566,菜馒头wow,5320213429,f,2023-01-16 11:13:30,#假唱#他是假唱的问题么？不是吧……假唱还这么难听也是没谁了，法令纹都能夹死我了。,0,0,0
4858494459316892,有镜头他俩装的,7544559848,f,2023-01-16 11:13:28,#假唱# 还没完了？够了吧，真的想知道真相早去看直拍了，更不会去带节奏，发一些莫名其妙的东西去博眼球，路过的帅哥美女们大年初一看无名呀！,0,0,0
4858494450668319,无坚不摧茜啊茜,5155361634,f,2023-01-16 11:13:26,"#假唱#嗯！一晚上过去了还在啊，真的是破费了！在这个词条里蹦跶的那位，光听名字不知道是谁。看了介绍的歌曲知道了，别说，还真听过。欸又是一个歌红（以前）人不红的。现在居然连这种明摆着下水·军恰烂💰营·销号配合着黑人的热度都要蹭了，看了感觉真可怜。

所以事实证明你原地踏步不努力，就会被淘汰！！！而有的人永远在努力拼搏永远在突破自己！越优秀越遭人妒，放心吧小黑子们，你们越黑他越红知道你们很急，但是别太急了！要不大年初一看《无名》吧，黑暗肮·脏的生活里待久了也是需要多看着正能量的东西的",0,0,0
4858463399711206,圣诞树之鹿,5350564869,f,2023-01-16 09:10:03,"湾湾歌手杨培安发文，疑似在内涵王一博，后又解释没有针对具体的人！

#假唱# #汪涵 多给我们家一博机会#",109,33,0
4858494387491611,明天是雨天123,7639918095,m,2023-01-16 11:13:11,#假唱#杨培安假唱都能上热搜啊，也算是高光时刻了吧,0,1,0
4858494384341061,阿然一米八-,7642317162,f,2023-01-16 11:13:09,#假唱#造谣的人总是看不到澄清 不要理 我们大年初一要干什么 当然是看《无名》啦 我们博哥也不过只是第一部电影要出了 某些人就坐不住了#王一博电影无名#,0,0,0
4858494358391593,周一多喝水_,7787177013,f,2023-01-16 11:13:04,#假唱#带王一博的都死了,0,0,0
4858485047300634,不盛人间烟火_,5760562055,m,2023-01-16 10:36:04,#假唱#假唱也就算了，还长得丑这就是流量吗？现在年轻人的审美真让我纳闷，演戏不行，长得不行，舞台又假唱，你们粉丝真是不挑,131,21,0
4858494350530046,我的麦芽糖宝贝,1869202601,f,2023-01-16 11:13:02,#假唱#为了现场效果，假唱很正常啊，我能理解#音乐现场#,0,0,0
4858493801072268,阿蒙无忧,7484885876,m,2023-01-16 11:10:51,"#假唱#
现场嘉宾看不下去出来说了，是真唱！真唱！
王一博是《无名》原唱，还是第一次唱给大家听，犯不着假唱。只能说唱的太好，造谣就来了。
王一博以前学的是实用音乐专业，唱歌一直很好。
《无名》今天还是保持预售第一的位置，果然顶流是遭人嫉妒的，诶~
歇歇吧",27,5,2
4858442487957062,楊培安RogerYang,1656409327,m,2023-01-16 07:46:57,"#假唱#
#你如何看待假唱#

這…還算是個能上熱搜的標題嗎？

現在還存不存在「假唱」這件事？
當然有！

不管官方再怎麼三申五令
就是有！
（連官方晚會自己都假唱了…）

不好意思…我一向有話直說…

怎麼看待假唱？分二個看法。

我可以接受其他人假唱。
尤其是演員、主持人等本業非歌手的。
我個人覺得這是可以被接受的。

我也能接受半假場（墊音）。
畢竟重大晚會或直播，主辦方可能有他們的要求
歌手不見得能「如願以償」。

我不能接受的：
是我楊培安自己假唱。在任何狀況下。
以及有人明明假唱，卻死不承認。

事實是什麼就是什麼。
騙得了所有人，別連自己跟老天爺都騙了。 台湾·台北",49581,2881,446
4858475023437678,叫我姨太好了,5751949769,f,2023-01-16 09:56:14,"歌手杨培安发文谈自己对假唱的看法：“我不能接受我杨培安假唱，也不能接受有人明明假唱，却死不承认。”

王一博粉丝在评论区喊冤，另外说明昨天晚上的画面“被恶剪”。

杨培安解释：“我是对假唱这件事发表看法，没有针对个人的意思。为什么要帮自己支持的人的对号入座？”

#假唱# #你如何看待假唱#",10423,390,6
4858459537015327,酒亓八五,1774751607,f,2023-01-16 08:54:42,"#汪涵 多给我们家一博机会#
现在的风气真恶心
万家盼你倒 找各种角度黑 拉低你路人缘
一条只有一个媒体发布的词条 能挂在热搜一整晚 现在还在“沸”，（真正需要上热搜的事从来都是被秒撤的）
粉丝不能发言 说话就是在洗白 不说话是默认
然后一群人在词条对一个人辱骂拉踩和诋毁 并且还要嘲笑粉丝 享受一种一呼百应的感觉 以此获得自己内心的满足感
我如果不喜欢某个东西 我一定碰都不会碰 不知道又要看又要骂的人 到底是出于什么心理 可能现实生活里真的过得不太好吧
#假唱#",12445,512,478
4858472917894472,我的啵塞東,7500764512,m,2023-01-16 09:47:52,#假唱# 真的没完了是吧 小黑子故意音画不同步尬黑 没有判断力的人才会跟着上当哟 三十年后保健品受众群体🈶️ 实在想看就来看看粉丝拍的现场 听完觉得还不过瘾那就大年初一再来电影院里听听 我的啵塞東的微博视频,22629,774,2041
4858429304209999,是妳的小祖宗呀,6323630143,f,2023-01-16 06:54:34,#假唱#造谣的人永远看不到澄清，因为他们只看到他们想看到的。不知道说什么了，那就祝所有善良的人新年快乐，大过年还恰烂💰的过不了好年#你如何看待假唱# Ysoseek的微博视频,13713,524,581
4858470967018355,野生炸姐,6354913856,f,2023-01-16 09:40:07,杨培安发文说自己讨厌假唱却死不承认的人 评论区有人问他：“你是谁” 拜托！！！他是《我相信》的原唱啊！！不会有人在学校没有听过吧…… #假唱##你如何看待假唱#,6068,202,7
4858471792509080,扒圈小记,5665478463,f,2023-01-16 09:43:23,歌手杨培安发文说：“有些人明明假唱，却不承认”，被质疑内涵王一博。 在杨培安评论区被王一博粉丝占领之后，他连忙在评论区回应：“没有针对哪一位歌手”。 大家觉得王一博到底有没有假唱？ #假唱##汪涵 多给我们家一博机会#,11116,383,14
4858287054656499,说给玫瑰开荒中,6786768819,f,2023-01-15 21:29:19,#假唱#要不是看了粉丝直拍我还真以为黑说的是真的呢。 别狗叫了，一起感谢拉高湖南卫视收视率，带湖南卫视登顶的男人吧 FLUOXETINE·王一博的微博视频,122098,6287,11826
4858446760903232,追剧综的李二狗,2151481347,m,2023-01-16 08:03:56,"#杨培安说不能接受自己假唱#
针对假唱现象，歌手杨培安发文说“我不能接受的是‘我杨培安自己假唱，任何情况下都不行。以及明明有人假唱，却死不承认”。
你怎么评价杨培安对假唱的态度？
杨培安有很多脍炙人口的作品，
比如《我相信》：我相信我就是我，我相信明天
《爱上你是一个错》：为你我付出这么的多，却让我痛到有苦不能说。因为我爱你就像那飞蛾扑向火。
你最喜欢哪一首？
#假唱#",3302,265,70
4858298304826710,无事渡清欢,7294889230,f,2023-01-15 22:14:01,#假唱#小🍠刷到另外直拍咯 我说造谣的人不妨睁大眼睛看看 造谣的一人贡献两张无名的票房补偿哈 无名正在预售中 大年初一上映哈 无事渡清欢的微博视频,32434,1507,2316
4858494496804471,未来网,2409482243,f,2023-01-16 11:13:37,"#小未微评#【#观众看演出遇假唱有权依法追偿#】春节临近，各大卫视的春晚陆续上演，#假唱#的话题也登上热搜榜。假唱、假演奏是指演员在演出过程中，使用事先录制好的歌曲、乐曲代替现场演唱、演奏的行为。

根据《营业性演出管理条例》第二十八条规定，“演员不得以假唱欺骗观众，演出举办单位不得组织演员假唱。任何单位或者个人不得为假唱提供条件。演出举办单位应当派专人对演出进行监督，防止假唱行为的发生”。

同时，该条例第四十七条规定，以假唱欺骗观众的，观众有权在退场后依照有关消费者权益保护的法律规定要求演出举办单位赔偿损失；演出举办单位可以依法向负有责任的文艺表演团体、演员追偿；由县级人民政府文化主管部门处5万元以上10万元以下的罚款。

为演员假唱提供条件的，由县级人民政府文化主管部门处5000元以上1万元以下的罚款。演员假唱是对消费者的“欺诈”，打击假唱，消费者要主动维权，主管部门也应负起责任。（法治日报）",0,0,0
4858463115547723,专家叫你别茶了,2319571737,m,2023-01-16 09:08:55,"#王一博湖南卫视春晚花絮照#
昨天在现场看王一博本人的身材比例真的挺突出的👏附上两张近距离生图
#假唱#",32401,1568,5065
4858494466919566,菜馒头wow,5320213429,f,2023-01-16 11:13:30,#假唱#他是假唱的问题么？不是吧……假唱还这么难听也是没谁了，法令纹都能夹死我了。,0,0,0
4858494459316892,有镜头他俩装的,7544559848,f,2023-01-16 11:13:28,#假唱# 还没完了？够了吧，真的想知道真相早去看直拍了，更不会去带节奏，发一些莫名其妙的东西去博眼球，路过的帅哥美女们大年初一看无名呀！,0,0,0
4858494450668319,无坚不摧茜啊茜,5155361634,f,2023-01-16 11:13:26,"#假唱#嗯！一晚上过去了还在啊，真的是破费了！在这个词条里蹦跶的那位，光听名字不知道是谁。看了介绍的歌曲知道了，别说，还真听过。欸又是一个歌红（以前）人不红的。现在居然连这种明摆着下水·军恰烂💰营·销号配合着黑人的热度都要蹭了，看了感觉真可怜。

所以事实证明你原地踏步不努力，就会被淘汰！！！而有的人永远在努力拼搏永远在突破自己！越优秀越遭人妒，放心吧小黑子们，你们越黑他越红知道你们很急，但是别太急了！要不大年初一看《无名》吧，黑暗肮·脏的生活里待久了也是需要多看着正能量的东西的",0,0,0
4858494387491611,明天是雨天123,7639918095,m,2023-01-16 11:13:11,#假唱#杨培安假唱都能上热搜啊，也算是高光时刻了吧,0,1,0
4858494384341061,阿然一米八-,7642317162,f,2023-01-16 11:13:09,#假唱#造谣的人总是看不到澄清 不要理 我们大年初一要干什么 当然是看《无名》啦 我们博哥也不过只是第一部电影要出了 某些人就坐不住了#王一博电影无名#,0,0,0
4858494358391593,周一多喝水_,7787177013,f,2023-01-16 11:13:04,#假唱#带王一博的都死了,0,0,0
4858485047300634,不盛人间烟火_,5760562055,m,2023-01-16 10:36:04,#假唱#假唱也就算了，还长得丑这就是流量吗？现在年轻人的审美真让我纳闷，演戏不行，长得不行，舞台又假唱，你们粉丝真是不挑,133,21,0
4858494350530046,我的麦芽糖宝贝,1869202601,f,2023-01-16 11:13:02,#假唱#为了现场效果，假唱很正常啊，我能理解#音乐现场#,0,0,0
4858442487957062,楊培安RogerYang,1656409327,m,2023-01-16 07:46:57,"#假唱#
#你如何看待假唱#

這…還算是個能上熱搜的標題嗎？

現在還存不存在「假唱」這件事？
當然有！

不管官方再怎麼三申五令
就是有！
（連官方晚會自己都假唱了…）

不好意思…我一向有話直說…

怎麼看待假唱？分二個看法。

我可以接受其他人假唱。
尤其是演員、主持人等本業非歌手的。
我個人覺得這是可以被接受的。

我也能接受半假場（墊音）。
畢竟重大晚會或直播，主辦方可能有他們的要求
歌手不見得能「如願以償」。

我不能接受的：
是我楊培安自己假唱。在任何狀況下。
以及有人明明假唱，卻死不承認。

事實是什麼就是什麼。
騙得了所有人，別連自己跟老天爺都騙了。 台湾·台北",52063,2880,453
4858470967018355,野生炸姐,6354913856,f,2023-01-16 09:40:07,杨培安发文说自己讨厌假唱却死不承认的人 评论区有人问他：“你是谁” 拜托！！！他是《我相信》的原唱啊！！不会有人在学校没有听过吧…… #假唱##你如何看待假唱#,6330,215,7
4858459537015327,酒亓八五,1774751607,f,2023-01-16 08:54:42,"#汪涵 多给我们家一博机会#
现在的风气真恶心
万家盼你倒 找各种角度黑 拉低你路人缘
一条只有一个媒体发布的词条 能挂在热搜一整晚 现在还在“沸”，（真正需要上热搜的事从来都是被秒撤的）
粉丝不能发言 说话就是在洗白 不说话是默认
然后一群人在词条对一个人辱骂拉踩和诋毁 并且还要嘲笑粉丝 享受一种一呼百应的感觉 以此获得自己内心的满足感
我如果不喜欢某个东西 我一定碰都不会碰 不知道又要看又要骂的人 到底是出于什么心理 可能现实生活里真的过得不太好吧
#假唱#",12310,514,479
4858298304826710,无事渡清欢,7294889230,f,2023-01-15 22:14:01,#假唱#小🍠刷到另外直拍咯 我说造谣的人不妨睁大眼睛看看 造谣的一人贡献两张无名的票房补偿哈 无名正在预售中 大年初一上映哈 无事渡清欢的微博视频,32464,1507,2318
4858472917894472,我的啵塞東,7500764512,m,2023-01-16 09:47:52,#假唱# 真的没完了是吧 小黑子故意音画不同步尬黑 没有判断力的人才会跟着上当哟 三十年后保健品受众群体🈶️ 实在想看就来看看粉丝拍的现场 听完觉得还不过瘾那就大年初一再来电影院里听听 我的啵塞東的微博视频,22783,775,2059
4858475023437678,叫我姨太好了,5751949769,f,2023-01-16 09:56:14,"歌手杨培安发文谈自己对假唱的看法：“我不能接受我杨培安假唱，也不能接受有人明明假唱，却死不承认。”

王一博粉丝在评论区喊冤，另外说明昨天晚上的画面“被恶剪”。

杨培安解释：“我是对假唱这件事发表看法，没有针对个人的意思。为什么要帮自己支持的人的对号入座？”

#假唱# #你如何看待假唱#",10573,409,6
4858429304209999,是妳的小祖宗呀,6323630143,f,2023-01-16 06:54:34,#假唱#造谣的人永远看不到澄清，因为他们只看到他们想看到的。不知道说什么了，那就祝所有善良的人新年快乐，大过年还恰烂💰的过不了好年#你如何看待假唱# Ysoseek的微博视频,13806,528,585
4858471792509080,扒圈小记,5665478463,f,2023-01-16 09:43:23,歌手杨培安发文说：“有些人明明假唱，却不承认”，被质疑内涵王一博。 在杨培安评论区被王一博粉丝占领之后，他连忙在评论区回应：“没有针对哪一位歌手”。 大家觉得王一博到底有没有假唱？ #假唱##汪涵 多给我们家一博机会#,11356,393,15
4858287054656499,说给玫瑰开荒中,6786768819,f,2023-01-15 21:29:19,#假唱#要不是看了粉丝直拍我还真以为黑说的是真的呢。 别狗叫了，一起感谢拉高湖南卫视收视率，带湖南卫视登顶的男人吧 FLUOXETINE·王一博的微博视频,122145,6289,11826
4858446760903232,追剧综的李二狗,2151481347,m,2023-01-16 08:03:56,"#杨培安说不能接受自己假唱#
针对假唱现象，歌手杨培安发文说“我不能接受的是‘我杨培安自己假唱，任何情况下都不行。以及明明有人假唱，却死不承认”。
你怎么评价杨培安对假唱的态度？
杨培安有很多脍炙人口的作品，
比如《我相信》：我相信我就是我，我相信明天
《爱上你是一个错》：为你我付出这么的多，却让我痛到有苦不能说。因为我爱你就像那飞蛾扑向火。
你最喜欢哪一首？
#假唱#",3350,268,70
4858495410641235,行星永在,5340495524,f,2023-01-16 11:17:15,#假唱#听到了！听贾科长的，大年初一看无名！,0,0,0
4858495356371338,陈钰萱a,7390143679,f,2023-01-16 11:17:01,#假唱#害 以为谁假唱了呢,1,0,0
4858495290050419,嗑着瓜子吃着瓜呢,6600739256,f,2023-01-16 11:16:46,#假唱# 不针对这里讨论的人，就想能不能从上面出个硬性规定凡是舞台必须真唱，保持真实别弄虚作假，反正总会营销号帮着和粉丝吹着说成这是天籁之音啊，什么什么第一啊……所以各有听众，但求真实。,1,0,0
4858473344668725,拾荒的村姑,5151179184,f,2023-01-16 09:49:34,"歌手杨培安发文，“我不能接受：我杨培安自己假唱，任何情况下都不行。以及有人明明假唱却却死不承认的人。”
评论区被王一博粉黑占领，杨培安在评论区回应：“没有针对哪一位歌手，不要对号入座”

大家觉得王一博到底有没有假唱？

#假唱#",125,23,0
4858495206429921,歌在唱舞在跳长夜漫漫不觉晓,3885592898,f,2023-01-16 11:16:26,#假唱#众所周知，内🐟的钱太好捞了,3,0,0
4858495047043026,张员瑛的个人微博,7793467872,m,2023-01-16 11:15:48,#假唱#开玩笑，张艺兴需要假唱？,1,0,0
4858484162561930,今天不想当熬夜冠军,7685513568,f,2023-01-16 10:32:33,"歌手杨培安发文谈对假唱的看法：“我不能接受我杨培安假唱，也不能接受有人明明假唱，却死不承认。”
王一博粉丝在评论区反驳，并说昨天的是被故意剪辑过的。杨培安回复：“我是对假唱这件事发表看法，没有针对某一个人的意思。为什么要对号入座？”
#假唱##汪涵 多给我们家一博机会#",620,57,1
4858485576308369,请我明天务必吃早饭,3219990404,m,2023-01-16 10:38:10,#假唱#什么假唱，这叫零开麦,98,12,0
4858490319015723,馒馒似你,5398766273,m,2023-01-16 10:57:01,#假唱#其实啵啵靠这部电影走红不了 就他那个脸那个演技不扑的惨绝人寰已经阿弥陀佛了,22,1,0
4858494975481281,我想找工作躺着数钱那种,2026128985,f,2023-01-16 11:15:31,"#假唱#
测一下阅读量",0,0,0
4858442487957062,楊培安RogerYang,1656409327,m,2023-01-16 07:46:57,"#假唱#
#你如何看待假唱#

這…還算是個能上熱搜的標題嗎？

現在還存不存在「假唱」這件事？
當然有！

不管官方再怎麼三申五令
就是有！
（連官方晚會自己都假唱了…）

不好意思…我一向有話直說…

怎麼看待假唱？分二個看法。

我可以接受其他人假唱。
尤其是演員、主持人等本業非歌手的。
我個人覺得這是可以被接受的。

我也能接受半假場（墊音）。
畢竟重大晚會或直播，主辦方可能有他們的要求
歌手不見得能「如願以償」。

我不能接受的：
是我楊培安自己假唱。在任何狀況下。
以及有人明明假唱，卻死不承認。

事實是什麼就是什麼。
騙得了所有人，別連自己跟老天爺都騙了。 台湾·台北",56792,2882,462
4858472917894472,我的啵塞東,7500764512,m,2023-01-16 09:47:52,#假唱# 真的没完了是吧 小黑子故意音画不同步尬黑 没有判断力的人才会跟着上当哟 三十年后保健品受众群体🈶️ 实在想看就来看看粉丝拍的现场 听完觉得还不过瘾那就大年初一再来电影院里听听 我的啵塞東的微博视频,23076,779,2077
4858446760903232,追剧综的李二狗,2151481347,m,2023-01-16 08:03:56,"#杨培安说不能接受自己假唱#
针对假唱现象，歌手杨培安发文说“我不能接受的是‘我杨培安自己假唱，任何情况下都不行。以及明明有人假唱，却死不承认”。
你怎么评价杨培安对假唱的态度？
杨培安有很多脍炙人口的作品，
比如《我相信》：我相信我就是我，我相信明天
《爱上你是一个错》：为你我付出这么的多，却让我痛到有苦不能说。因为我爱你就像那飞蛾扑向火。
你最喜欢哪一首？
#假唱#",3401,271,71
4858475023437678,叫我姨太好了,5751949769,f,2023-01-16 09:56:14,"歌手杨培安发文谈自己对假唱的看法：“我不能接受我杨培安假唱，也不能接受有人明明假唱，却死不承认。”

王一博粉丝在评论区喊冤，另外说明昨天晚上的画面“被恶剪”。

杨培安解释：“我是对假唱这件事发表看法，没有针对个人的意思。为什么要帮自己支持的人的对号入座？”

#假唱# #你如何看待假唱#",10784,443,6
4858470967018355,野生炸姐,6354913856,f,2023-01-16 09:40:07,杨培安发文说自己讨厌假唱却死不承认的人 评论区有人问他：“你是谁” 拜托！！！他是《我相信》的原唱啊！！不会有人在学校没有听过吧…… #假唱##你如何看待假唱#,6595,226,7
4858429304209999,是妳的小祖宗呀,6323630143,f,2023-01-16 06:54:34,#假唱#造谣的人永远看不到澄清，因为他们只看到他们想看到的。不知道说什么了，那就祝所有善良的人新年快乐，大过年还恰烂💰的过不了好年#你如何看待假唱# Ysoseek的微博视频,13915,534,586
4858459537015327,酒亓八五,1774751607,f,2023-01-16 08:54:42,"#汪涵 多给我们家一博机会#
现在的风气真恶心
万家盼你倒 找各种角度黑 拉低你路人缘
一条只有一个媒体发布的词条 能挂在热搜一整晚 现在还在“沸”，（真正需要上热搜的事从来都是被秒撤的）
粉丝不能发言 说话就是在洗白 不说话是默认
然后一群人在词条对一个人辱骂拉踩和诋毁 并且还要嘲笑粉丝 享受一种一呼百应的感觉 以此获得自己内心的满足感
我如果不喜欢某个东西 我一定碰都不会碰 不知道又要看又要骂的人 到底是出于什么心理 可能现实生活里真的过得不太好吧
#假唱#",12417,517,482
4858471792509080,扒圈小记,5665478463,f,2023-01-16 09:43:23,歌手杨培安发文说：“有些人明明假唱，却不承认”，被质疑内涵王一博。 在杨培安评论区被王一博粉丝占领之后，他连忙在评论区回应：“没有针对哪一位歌手”。 大家觉得王一博到底有没有假唱？ #假唱##汪涵 多给我们家一博机会#,11500,398,16
4858287054656499,说给玫瑰开荒中,6786768819,f,2023-01-15 21:29:19,#假唱#要不是看了粉丝直拍我还真以为黑说的是真的呢。 别狗叫了，一起感谢拉高湖南卫视收视率，带湖南卫视登顶的男人吧 FLUOXETINE·王一博的微博视频,122190,6292,11827
4858298304826710,无事渡清欢,7294889230,f,2023-01-15 22:14:01,#假唱#小🍠刷到另外直拍咯 我说造谣的人不妨睁大眼睛看看 造谣的一人贡献两张无名的票房补偿哈 无名正在预售中 大年初一上映哈 无事渡清欢的微博视频,32510,1510,2319
4858496645074963,拓小拓,2682936197,f,2023-01-16 11:22:09,"#假唱#不要陷入自证圈套！就好比室友宿舍里丢钱，说那个时间段就你在宿舍，就是你拿的。这时候你要是自证清白，就陷入了自证圈套。这种圈套很难说清楚。请拿有力证据！最好选择报警。
说假唱的，请拿有力证据，而不是拿一段音频画面都对不上的视频来污蔑！音频往后拖了不到一秒，就说王一博举话筒举晚了？
企图让粉丝陷入自证圈套，没完没了了？",0,0,0
4858496640876603,Shiela永远臣服于温柔本身,7284775259,f,2023-01-16 11:22:07,#假唱#业务能力不行呗,0,0,0
4858496622792225,奇迹啵啵闪耀战战,7282967918,f,2023-01-16 11:22:04,#假唱#有些人说假唱的粉籍和主页简直是一点一个准，现场的观众，粉丝的直拍都证明没有假唱，你们硬要嘴硬，拿着黑子故意剪辑的视频说人假唱，大过年的积点阴德吧，这么关注王一博就请大年初一看《无名》吧！还有黑子麻烦统一话术吧，一会说他气息稳，是假唱，一会说他唱的不好听，拜托他的rap诶,0,0,0
4858496610209963,明天是雨天123,7639918095,m,2023-01-16 11:22:01,#假唱#杨培安为什么要和假唱挂钩啊，他不是歌手吗，难道还要假唱啊？有没有他的粉丝说一下,0,0,0
4858496573510746,钟荟茗,6173398948,f,2023-01-16 11:21:52,"#假唱#
真的好笑
原本是不知道发生了什么
但一看热搜广场都是绝了哥的粉丝在用现场拍摄的视频来证明所谓的“没有”假唱”

就是说
我还是第一次看到和听到有人在唱歌的时候拉麦了
但音量还是一样的
或许他是用了控制变量法才达到了这种效果吧
真是实力超群呀",0,0,0
4858496535495934,和妍挽手_,7417799042,f,2023-01-16 11:21:43,#假唱#歌手假唱的话我不能接受,1,0,0
4858484162561930,今天不想当熬夜冠军,7685513568,f,2023-01-16 10:32:33,"歌手杨培安发文谈对假唱的看法：“我不能接受我杨培安假唱，也不能接受有人明明假唱，却死不承认。”
王一博粉丝在评论区反驳，并说昨天的是被故意剪辑过的。杨培安回复：“我是对假唱这件事发表看法，没有针对某一个人的意思。为什么要对号入座？”
#假唱##汪涵 多给我们家一博机会#",647,59,1
4858496442702832,小小七七七七七七七七七七七,5341959294,f,2023-01-16 11:21:21,"#假唱#
无所谓 真的假不了假的真的不了
博哥糊的时候 团的时候开演唱会
那么累的唱跳也都是全开麦呢
怎么可能现在这么红了 这么多人盯着他 舆论都在批假唱 又是要宣传电影的时候 往枪口上撞？
浪不要太过分 这种造谣的rs也让挂这么久",2,0,0
4858496429852102,我不是微博用户谢谢,6441377866,m,2023-01-16 11:21:18,#假唱#虽然但是现场版为什么一直很平稳的感觉，没有任何换气的感觉，按理说现场版应该能听到起伏，就算专业歌手也会又起伏，如果是真唱，那挺牛的,0,1,0
4858496425923621,阿呜_315,5930445970,f,2023-01-16 11:21:17,#假唱#我喜欢真唱，live互动最燃,2,0,0
4858442487957062,楊培安RogerYang,1656409327,m,2023-01-16 07:46:57,"#假唱#
#你如何看待假唱#

這…還算是個能上熱搜的標題嗎？

現在還存不存在「假唱」這件事？
當然有！

不管官方再怎麼三申五令
就是有！
（連官方晚會自己都假唱了…）

不好意思…我一向有話直說…

怎麼看待假唱？分二個看法。

我可以接受其他人假唱。
尤其是演員、主持人等本業非歌手的。
我個人覺得這是可以被接受的。

我也能接受半假場（墊音）。
畢竟重大晚會或直播，主辦方可能有他們的要求
歌手不見得能「如願以償」。

我不能接受的：
是我楊培安自己假唱。在任何狀況下。
以及有人明明假唱，卻死不承認。

事實是什麼就是什麼。
騙得了所有人，別連自己跟老天爺都騙了。 台湾·台北",57940,2882,467
4858472917894472,我的啵塞東,7500764512,m,2023-01-16 09:47:52,#假唱# 真的没完了是吧 小黑子故意音画不同步尬黑 没有判断力的人才会跟着上当哟 三十年后保健品受众群体🈶️ 实在想看就来看看粉丝拍的现场 听完觉得还不过瘾那就大年初一再来电影院里听听 我的啵塞東的微博视频,23119,784,2082
4858471792509080,扒圈小记,5665478463,f,2023-01-16 09:43:23,歌手杨培安发文说：“有些人明明假唱，却不承认”，被质疑内涵王一博。 在杨培安评论区被王一博粉丝占领之后，他连忙在评论区回应：“没有针对哪一位歌手”。 大家觉得王一博到底有没有假唱？ #假唱##汪涵 多给我们家一博机会#,11569,401,16
4858475023437678,叫我姨太好了,5751949769,f,2023-01-16 09:56:14,"歌手杨培安发文谈自己对假唱的看法：“我不能接受我杨培安假唱，也不能接受有人明明假唱，却死不承认。”

王一博粉丝在评论区喊冤，另外说明昨天晚上的画面“被恶剪”。

杨培安解释：“我是对假唱这件事发表看法，没有针对个人的意思。为什么要帮自己支持的人的对号入座？”

#假唱# #你如何看待假唱#",10873,453,6
4858470967018355,野生炸姐,6354913856,f,2023-01-16 09:40:07,杨培安发文说自己讨厌假唱却死不承认的人 评论区有人问他：“你是谁” 拜托！！！他是《我相信》的原唱啊！！不会有人在学校没有听过吧…… #假唱##你如何看待假唱#,6682,237,7
4858429304209999,是妳的小祖宗呀,6323630143,f,2023-01-16 06:54:34,#假唱#造谣的人永远看不到澄清，因为他们只看到他们想看到的。不知道说什么了，那就祝所有善良的人新年快乐，大过年还恰烂💰的过不了好年#你如何看待假唱# Ysoseek的微博视频,13934,534,586
4858459537015327,酒亓八五,1774751607,f,2023-01-16 08:54:42,"#汪涵 多给我们家一博机会#
现在的风气真恶心
万家盼你倒 找各种角度黑 拉低你路人缘
一条只有一个媒体发布的词条 能挂在热搜一整晚 现在还在“沸”，（真正需要上热搜的事从来都是被秒撤的）
粉丝不能发言 说话就是在洗白 不说话是默认
然后一群人在词条对一个人辱骂拉踩和诋毁 并且还要嘲笑粉丝 享受一种一呼百应的感觉 以此获得自己内心的满足感
我如果不喜欢某个东西 我一定碰都不会碰 不知道又要看又要骂的人 到底是出于什么心理 可能现实生活里真的过得不太好吧
#假唱#",12432,517,482
4858287054656499,说给玫瑰开荒中,6786768819,f,2023-01-15 21:29:19,#假唱#要不是看了粉丝直拍我还真以为黑说的是真的呢。 别狗叫了，一起感谢拉高湖南卫视收视率，带湖南卫视登顶的男人吧 FLUOXETINE·王一博的微博视频,122207,6294,11828
4858446760903232,追剧综的李二狗,2151481347,m,2023-01-16 08:03:56,"#杨培安说不能接受自己假唱#
针对假唱现象，歌手杨培安发文说“我不能接受的是‘我杨培安自己假唱，任何情况下都不行。以及明明有人假唱，却死不承认”。
你怎么评价杨培安对假唱的态度？
杨培安有很多脍炙人口的作品，
比如《我相信》：我相信我就是我，我相信明天
《爱上你是一个错》：为你我付出这么的多，却让我痛到有苦不能说。因为我爱你就像那飞蛾扑向火。
你最喜欢哪一首？
#假唱#",3414,273,72
4858298304826710,无事渡清欢,7294889230,f,2023-01-15 22:14:01,#假唱#小🍠刷到另外直拍咯 我说造谣的人不妨睁大眼睛看看 造谣的一人贡献两张无名的票房补偿哈 无名正在预售中 大年初一上映哈 无事渡清欢的微博视频,32524,1511,2320
4858496937889801,人间失品王一资,7390494653,m,2023-01-16 11:23:19,#假唱#我哥哥最帅，不接受反驳,1,0,0
4858496933699004,一口丸子Y,7186618024,f,2023-01-16 11:23:18,#假唱#王一博这人吧，还是少吹点人设。哪样拿得出手？吹摩托车赛车手，摩托车翻车当众摔车骂人。吹跳舞强项，本人又笨又重，粉丝在节目网暴其他合作者。吹电隐咖就拍了几部阿里强捧的电影，接连撤档压剧现在假唱还说不得了？一脸法令纹好好保养保养吧你才20多岁啊,0,0,0
4858496933168210,-小狗狼饼-,7768170912,f,2023-01-16 11:23:18,"#假唱#哪有假唱啊没看过直拍吧！
纯路人觉得没有假唱，说假唱的人到底是怀着什么心思说的呢",0,0,0
4858496879952846,__阿晴,5951415633,m,2023-01-16 11:23:05,#假唱#郭德纲 《过得刚好》：现如今，不仅是相声界，我们这个社会充斥的假的东西太多，抽假烟、喝假酒、看假球、听假唱、穿假名牌儿、戴一假头套，天底下就王八是真的，还叫甲鱼。,0,0,0
4858496761463412,满天繁星0805,7314359456,f,2023-01-16 11:22:36,#假唱#红是原罪，恶意剪辑，联动发黑通稿，秒上高位热搜，正面热搜秒撤，真是很明显呢,2,0,0
4858480253733273,没错我是红红,6459308408,m,2023-01-16 10:17:01,"#假唱#
被空降黑热搜，真的也是预料之中，但也是预料之外。
预料之中，是因为昨天《无名》预售破了3500万，继续领跑春节档，就觉得有人会眼红，会有小动作。

预料之外，居然黑唱歌我说买黑热搜的人逗不逗啊，他一个绑威亚唱歌都开麦的人，当然真唱啊！再说，他又没吹过唱功，这个对电影又没啥影响

其实，昨晚就开始预谋黑了，想黑电影宣传，翻车后，实在找不到啥问题，手忙脚乱中，就选了唱歌🎤，破费了",174,26,8
4858469998658172,大白兔兔兔兔兔奶糖123,7333861391,f,2023-01-16 09:36:16,#假唱#我记得有那么一两年以春晚为首，是禁止假唱的，后来不知道为啥又开始真假唱混杂。关于假唱，我认为就该一刀切禁止，不然对真唱选手不公平。明星们要是觉得自己上台会丢脸，可以选择不去嘛。我们观众情愿看车祸现场，也不愿意看录音表演现场，毕竟车祸现场还能逗乐子,56,0,0
4858486678619964,扒圈小记,5665478463,f,2023-01-16 10:42:33,"关于疑似王一博假唱一事，有王一博粉丝解释是音画不同步、恶意剪辑，有路人出来说听到王一博是真唱。

这两个澄清站得住脚吗？

#假唱##汪涵 多给我们家一博机会#",396,40,2
4858496698811123,布稚岛这题不太会,3518948603,m,2023-01-16 11:22:22,#假唱#这个热搜说的是谁啊？谁假唱呀？？,0,0,0
4858493104817399,妮也爱吃锅包肉,6592044812,f,2023-01-16 11:08:05,#假唱#怎么都第二天了还挂着呢幕后推手没少花钱吧我们无名火到你了是吗不好意思啦~你花钱买黑rs买yxh，但最终都会变成无名电影广告位啦～钱都白花了😜过年大家来看《无名》哈～,13,0,0
4858442487957062,楊培安RogerYang,1656409327,m,2023-01-16 07:46:57,"#假唱#
#你如何看待假唱#

這…還算是個能上熱搜的標題嗎？

現在還存不存在「假唱」這件事？
當然有！

不管官方再怎麼三申五令
就是有！
（連官方晚會自己都假唱了…）

不好意思…我一向有話直說…

怎麼看待假唱？分二個看法。

我可以接受其他人假唱。
尤其是演員、主持人等本業非歌手的。
我個人覺得這是可以被接受的。

我也能接受半假場（墊音）。
畢竟重大晚會或直播，主辦方可能有他們的要求
歌手不見得能「如願以償」。

我不能接受的：
是我楊培安自己假唱。在任何狀況下。
以及有人明明假唱，卻死不承認。

事實是什麼就是什麼。
騙得了所有人，別連自己跟老天爺都騙了。 台湾·台北",58108,2882,468
4858475023437678,叫我姨太好了,5751949769,f,2023-01-16 09:56:14,"歌手杨培安发文谈自己对假唱的看法：“我不能接受我杨培安假唱，也不能接受有人明明假唱，却死不承认。”

王一博粉丝在评论区喊冤，另外说明昨天晚上的画面“被恶剪”。

杨培安解释：“我是对假唱这件事发表看法，没有针对个人的意思。为什么要帮自己支持的人的对号入座？”

#假唱# #你如何看待假唱#",10890,453,6
4858470967018355,野生炸姐,6354913856,f,2023-01-16 09:40:07,杨培安发文说自己讨厌假唱却死不承认的人 评论区有人问他：“你是谁” 拜托！！！他是《我相信》的原唱啊！！不会有人在学校没有听过吧…… #假唱##你如何看待假唱#,6691,238,7
4858305489417641,一颗大大菜菜瓜,5376378104,f,2023-01-15 22:42:34,#假唱# 望点进这个热搜的吃瓜路人能稍稍了解，假唱热搜千千万，热门全部固定明星职黑的热搜这是头一回。王一博是在海口万人跨年的场子，高难度吊威亚翻跟头的时候都拿手持麦全开麦的人，同时还编排了复杂的舞蹈。所以脏水请离远点YIBO-OFFICIAL的微博视频,40359,1774,1490
4858472917894472,我的啵塞東,7500764512,m,2023-01-16 09:47:52,#假唱# 真的没完了是吧 小黑子故意音画不同步尬黑 没有判断力的人才会跟着上当哟 三十年后保健品受众群体🈶️ 实在想看就来看看粉丝拍的现场 听完觉得还不过瘾那就大年初一再来电影院里听听 我的啵塞東的微博视频,23123,784,2083
4858429304209999,是妳的小祖宗呀,6323630143,f,2023-01-16 06:54:34,#假唱#造谣的人永远看不到澄清，因为他们只看到他们想看到的。不知道说什么了，那就祝所有善良的人新年快乐，大过年还恰烂💰的过不了好年#你如何看待假唱# Ysoseek的微博视频,13934,534,586
4858459537015327,酒亓八五,1774751607,f,2023-01-16 08:54:42,"#汪涵 多给我们家一博机会#
现在的风气真恶心
万家盼你倒 找各种角度黑 拉低你路人缘
一条只有一个媒体发布的词条 能挂在热搜一整晚 现在还在“沸”，（真正需要上热搜的事从来都是被秒撤的）
粉丝不能发言 说话就是在洗白 不说话是默认
然后一群人在词条对一个人辱骂拉踩和诋毁 并且还要嘲笑粉丝 享受一种一呼百应的感觉 以此获得自己内心的满足感
我如果不喜欢某个东西 我一定碰都不会碰 不知道又要看又要骂的人 到底是出于什么心理 可能现实生活里真的过得不太好吧
#假唱#",12435,517,482
4858471792509080,扒圈小记,5665478463,f,2023-01-16 09:43:23,歌手杨培安发文说：“有些人明明假唱，却不承认”，被质疑内涵王一博。 在杨培安评论区被王一博粉丝占领之后，他连忙在评论区回应：“没有针对哪一位歌手”。 大家觉得王一博到底有没有假唱？ #假唱##汪涵 多给我们家一博机会#,11581,401,16
4858287054656499,说给玫瑰开荒中,6786768819,f,2023-01-15 21:29:19,#假唱#要不是看了粉丝直拍我还真以为黑说的是真的呢。 别狗叫了，一起感谢拉高湖南卫视收视率，带湖南卫视登顶的男人吧 FLUOXETINE·王一博的微博视频,122208,6294,11828
4858446760903232,追剧综的李二狗,2151481347,m,2023-01-16 08:03:56,"#杨培安说不能接受自己假唱#
针对假唱现象，歌手杨培安发文说“我不能接受的是‘我杨培安自己假唱，任何情况下都不行。以及明明有人假唱，却死不承认”。
你怎么评价杨培安对假唱的态度？
杨培安有很多脍炙人口的作品，
比如《我相信》：我相信我就是我，我相信明天
《爱上你是一个错》：为你我付出这么的多，却让我痛到有苦不能说。因为我爱你就像那飞蛾扑向火。
你最喜欢哪一首？
#假唱#",3415,273,72
4858497071586913,一直向前走_毛毛,3742352155,f,2023-01-16 11:23:51,#假唱#内娱的钱太好捞了，现在的晚会太难看了,1,0,0
4858497071581096,辣逼小欣不小心,6979249527,f,2023-01-16 11:23:51,#假唱#其实wyb粉丝洗的地方错了吧，直拍视频被说更锤，还有有青筋什么的。。。其实表演者在台上为了具有真实性就算是0开麦也会出声唱的，怎么可能只是张张嘴就行。。。。广场上看到一个混韩娱的姐妹说可以出消音视频，我觉得这个可能可以哦,0,0,0
4858482719985047,3212659082_333,3212659082,m,2023-01-16 10:26:49,#假唱##王一博难听# 唱的什么玩意，是没假唱，就是特么难听。炒作是吧？这种烂流量也恰？？？,22,6,0
4858497017844602,Ling竞桥,2924100197,f,2023-01-16 11:23:38,"#假唱#这个人也是太茶了吧，作为吃瓜路人，带个狗头评论他蹭热度竟然被删评拉黑心眼子也太大了点吧
仔细一看IP是湾湾，怪不得，难不成是台独啊？

翻了一下他微博，连续提自己被边缘化，这还不是蹭热度是啥哦
真的是无语死了=_=",0,0,0
4858496937889801,人间失品王一资,7390494653,m,2023-01-16 11:23:19,#假唱#我哥哥最帅，不接受反驳,0,0,0
4858496933699004,一口丸子Y,7186618024,f,2023-01-16 11:23:18,#假唱#王一博这人吧，还是少吹点人设。哪样拿得出手？吹摩托车赛车手，摩托车翻车当众摔车骂人。吹跳舞强项，本人又笨又重，粉丝在节目网暴其他合作者。吹电隐咖就拍了几部阿里强捧的电影，接连撤档压剧现在假唱还说不得了？一脸法令纹好好保养保养吧你才20多岁啊,1,0,0
4858496933168210,-小狗狼饼-,7768170912,f,2023-01-16 11:23:18,"#假唱#哪有假唱啊没看过直拍吧！
纯路人觉得没有假唱，说假唱的人到底是怀着什么心思说的呢",0,0,0
4858496879952846,__阿晴,5951415633,m,2023-01-16 11:23:05,#假唱#郭德纲 《过得刚好》：现如今，不仅是相声界，我们这个社会充斥的假的东西太多，抽假烟、喝假酒、看假球、听假唱、穿假名牌儿、戴一假头套，天底下就王八是真的，还叫甲鱼。,0,0,0
4858485576308369,请我明天务必吃早饭,3219990404,m,2023-01-16 10:38:10,#假唱#什么假唱，这叫零开麦,113,13,0
4858496761463412,满天繁星0805,7314359456,f,2023-01-16 11:22:36,#假唱#红是原罪，恶意剪辑，联动发黑通稿，秒上高位热搜，正面热搜秒撤，真是很明显呢,2,0,0
4858442487957062,楊培安RogerYang,1656409327,m,2023-01-16 07:46:57,"#假唱#
#你如何看待假唱#

這…還算是個能上熱搜的標題嗎？

現在還存不存在「假唱」這件事？
當然有！

不管官方再怎麼三申五令
就是有！
（連官方晚會自己都假唱了…）

不好意思…我一向有話直說…

怎麼看待假唱？分二個看法。

我可以接受其他人假唱。
尤其是演員、主持人等本業非歌手的。
我個人覺得這是可以被接受的。

我也能接受半假場（墊音）。
畢竟重大晚會或直播，主辦方可能有他們的要求
歌手不見得能「如願以償」。

我不能接受的：
是我楊培安自己假唱。在任何狀況下。
以及有人明明假唱，卻死不承認。

事實是什麼就是什麼。
騙得了所有人，別連自己跟老天爺都騙了。 台湾·台北",58324,2882,468
4858470967018355,野生炸姐,6354913856,f,2023-01-16 09:40:07,杨培安发文说自己讨厌假唱却死不承认的人 评论区有人问他：“你是谁” 拜托！！！他是《我相信》的原唱啊！！不会有人在学校没有听过吧…… #假唱##你如何看待假唱#,6711,239,7
4858429304209999,是妳的小祖宗呀,6323630143,f,2023-01-16 06:54:34,#假唱#造谣的人永远看不到澄清，因为他们只看到他们想看到的。不知道说什么了，那就祝所有善良的人新年快乐，大过年还恰烂💰的过不了好年#你如何看待假唱# Ysoseek的微博视频,13938,535,586
4858459537015327,酒亓八五,1774751607,f,2023-01-16 08:54:42,"#汪涵 多给我们家一博机会#
现在的风气真恶心
万家盼你倒 找各种角度黑 拉低你路人缘
一条只有一个媒体发布的词条 能挂在热搜一整晚 现在还在“沸”，（真正需要上热搜的事从来都是被秒撤的）
粉丝不能发言 说话就是在洗白 不说话是默认
然后一群人在词条对一个人辱骂拉踩和诋毁 并且还要嘲笑粉丝 享受一种一呼百应的感觉 以此获得自己内心的满足感
我如果不喜欢某个东西 我一定碰都不会碰 不知道又要看又要骂的人 到底是出于什么心理 可能现实生活里真的过得不太好吧
#假唱#",12438,517,482
4858294172131691,禁止洗糖,1803090453,f,2023-01-15 21:57:36,#假唱# 我的录频和黑子的怎么不一样啊，是不是直播有延迟呢，不如看看站姐直拍 ，最后大年初一，电影院《无名》与大家不见不散禁止洗糖的微博视频,56495,3014,4956
4858472917894472,我的啵塞東,7500764512,m,2023-01-16 09:47:52,#假唱# 真的没完了是吧 小黑子故意音画不同步尬黑 没有判断力的人才会跟着上当哟 三十年后保健品受众群体🈶️ 实在想看就来看看粉丝拍的现场 听完觉得还不过瘾那就大年初一再来电影院里听听 我的啵塞東的微博视频,23128,784,2083
4858475023437678,叫我姨太好了,5751949769,f,2023-01-16 09:56:14,"歌手杨培安发文谈自己对假唱的看法：“我不能接受我杨培安假唱，也不能接受有人明明假唱，却死不承认。”

王一博粉丝在评论区喊冤，另外说明昨天晚上的画面“被恶剪”。

杨培安解释：“我是对假唱这件事发表看法，没有针对个人的意思。为什么要帮自己支持的人的对号入座？”

#假唱# #你如何看待假唱#",10898,453,6
4858471792509080,扒圈小记,5665478463,f,2023-01-16 09:43:23,歌手杨培安发文说：“有些人明明假唱，却不承认”，被质疑内涵王一博。 在杨培安评论区被王一博粉丝占领之后，他连忙在评论区回应：“没有针对哪一位歌手”。 大家觉得王一博到底有没有假唱？ #假唱##汪涵 多给我们家一博机会#,11587,402,16
4858287054656499,说给玫瑰开荒中,6786768819,f,2023-01-15 21:29:19,#假唱#要不是看了粉丝直拍我还真以为黑说的是真的呢。 别狗叫了，一起感谢拉高湖南卫视收视率，带湖南卫视登顶的男人吧 FLUOXETINE·王一博的微博视频,122212,6294,11828
4858446760903232,追剧综的李二狗,2151481347,m,2023-01-16 08:03:56,"#杨培安说不能接受自己假唱#
针对假唱现象，歌手杨培安发文说“我不能接受的是‘我杨培安自己假唱，任何情况下都不行。以及明明有人假唱，却死不承认”。
你怎么评价杨培安对假唱的态度？
杨培安有很多脍炙人口的作品，
比如《我相信》：我相信我就是我，我相信明天
《爱上你是一个错》：为你我付出这么的多，却让我痛到有苦不能说。因为我爱你就像那飞蛾扑向火。
你最喜欢哪一首？
#假唱#",3416,273,72
4858497071586913,一直向前走_毛毛,3742352155,f,2023-01-16 11:23:51,#假唱#内娱的钱太好捞了，现在的晚会太难看了,1,0,0
4858497071581096,辣逼小欣不小心,6979249527,f,2023-01-16 11:23:51,#假唱#其实wyb粉丝洗的地方错了吧，直拍视频被说更锤，还有有青筋什么的。。。其实表演者在台上为了具有真实性就算是0开麦也会出声唱的，怎么可能只是张张嘴就行。。。。广场上看到一个混韩娱的姐妹说可以出消音视频，我觉得这个可能可以哦,1,0,0
4858497017844602,Ling竞桥,2924100197,f,2023-01-16 11:23:38,"#假唱#这个人也是太茶了吧，作为吃瓜路人，带个狗头评论他蹭热度竟然被删评拉黑心眼子也太大了点吧
仔细一看IP是湾湾，怪不得，难不成是台独啊？

翻了一下他微博，连续提自己被边缘化，这还不是蹭热度是啥哦
真的是无语死了=_=",0,0,0
4858496937889801,人间失品王一资,7390494653,m,2023-01-16 11:23:19,#假唱#我哥哥最帅，不接受反驳,0,0,0
4858496933699004,一口丸子Y,7186618024,f,2023-01-16 11:23:18,#假唱#王一博这人吧，还是少吹点人设。哪样拿得出手？吹摩托车赛车手，摩托车翻车当众摔车骂人。吹跳舞强项，本人又笨又重，粉丝在节目网暴其他合作者。吹电隐咖就拍了几部阿里强捧的电影，接连撤档压剧现在假唱还说不得了？一脸法令纹好好保养保养吧你才20多岁啊,1,0,0
4858496933168210,-小狗狼饼-,7768170912,f,2023-01-16 11:23:18,"#假唱#哪有假唱啊没看过直拍吧！
纯路人觉得没有假唱，说假唱的人到底是怀着什么心思说的呢",0,0,0
4858496879952846,__阿晴,5951415633,m,2023-01-16 11:23:05,#假唱#郭德纲 《过得刚好》：现如今，不仅是相声界，我们这个社会充斥的假的东西太多，抽假烟、喝假酒、看假球、听假唱、穿假名牌儿、戴一假头套，天底下就王八是真的，还叫甲鱼。,0,0,0
4858485576308369,请我明天务必吃早饭,3219990404,m,2023-01-16 10:38:10,#假唱#什么假唱，这叫零开麦,115,13,0
4858496761463412,满天繁星0805,7314359456,f,2023-01-16 11:22:36,#假唱#红是原罪，恶意剪辑，联动发黑通稿，秒上高位热搜，正面热搜秒撤，真是很明显呢,3,1,0
4858496698811123,布稚岛这题不太会,3518948603,m,2023-01-16 11:22:22,#假唱#这个热搜说的是谁啊？谁假唱呀？？,0,0,0
4858442487957062,楊培安RogerYang,1656409327,m,2023-01-16 07:46:57,"#假唱#
#你如何看待假唱#

這…還算是個能上熱搜的標題嗎？

現在還存不存在「假唱」這件事？
當然有！

不管官方再怎麼三申五令
就是有！
（連官方晚會自己都假唱了…）

不好意思…我一向有話直說…

怎麼看待假唱？分二個看法。

我可以接受其他人假唱。
尤其是演員、主持人等本業非歌手的。
我個人覺得這是可以被接受的。

我也能接受半假場（墊音）。
畢竟重大晚會或直播，主辦方可能有他們的要求
歌手不見得能「如願以償」。

我不能接受的：
是我楊培安自己假唱。在任何狀況下。
以及有人明明假唱，卻死不承認。

事實是什麼就是什麼。
騙得了所有人，別連自己跟老天爺都騙了。 台湾·台北",67215,2881,501
4858470967018355,野生炸姐,6354913856,f,2023-01-16 09:40:07,杨培安发文说自己讨厌假唱却死不承认的人 评论区有人问他：“你是谁” 拜托！！！他是《我相信》的原唱啊！！不会有人在学校没有听过吧…… #假唱##你如何看待假唱#,7367,288,9
4858429304209999,是妳的小祖宗呀,6323630143,f,2023-01-16 06:54:34,#假唱#造谣的人永远看不到澄清，因为他们只看到他们想看到的。不知道说什么了，那就祝所有善良的人新年快乐，大过年还恰烂💰的过不了好年#你如何看待假唱# Ysoseek的微博视频,14307,552,595
4858446760903232,追剧综的李二狗,2151481347,m,2023-01-16 08:03:56,"#杨培安说不能接受自己假唱#
针对假唱现象，歌手杨培安发文说“我不能接受的是‘我杨培安自己假唱，任何情况下都不行。以及明明有人假唱，却死不承认”。
你怎么评价杨培安对假唱的态度？
杨培安有很多脍炙人口的作品，
比如《我相信》：我相信我就是我，我相信明天
《爱上你是一个错》：为你我付出这么的多，却让我痛到有苦不能说。因为我爱你就像那飞蛾扑向火。
你最喜欢哪一首？
#假唱#",3620,295,72
4858472917894472,我的啵塞東,7500764512,m,2023-01-16 09:47:52,#假唱# 真的没完了是吧 小黑子故意音画不同步尬黑 没有判断力的人才会跟着上当哟 三十年后保健品受众群体🈶️ 实在想看就来看看粉丝拍的现场 听完觉得还不过瘾那就大年初一再来电影院里听听 我的啵塞東的微博视频,23952,806,2142
4858475023437678,叫我姨太好了,5751949769,f,2023-01-16 09:56:14,"歌手杨培安发文谈自己对假唱的看法：“我不能接受我杨培安假唱，也不能接受有人明明假唱，却死不承认。”

王一博粉丝在评论区喊冤，另外说明昨天晚上的画面“被恶剪”。

杨培安解释：“我是对假唱这件事发表看法，没有针对个人的意思。为什么要帮自己支持的人的对号入座？”

#假唱# #你如何看待假唱#",11659,498,7
4858471792509080,扒圈小记,5665478463,f,2023-01-16 09:43:23,歌手杨培安发文说：“有些人明明假唱，却不承认”，被质疑内涵王一博。 在杨培安评论区被王一博粉丝占领之后，他连忙在评论区回应：“没有针对哪一位歌手”。 大家觉得王一博到底有没有假唱？ #假唱##汪涵 多给我们家一博机会#,12305,453,19
4858459537015327,酒亓八五,1774751607,f,2023-01-16 08:54:42,"#汪涵 多给我们家一博机会#
现在的风气真恶心
万家盼你倒 找各种角度黑 拉低你路人缘
一条只有一个媒体发布的词条 能挂在热搜一整晚 现在还在“沸”，（真正需要上热搜的事从来都是被秒撤的）
粉丝不能发言 说话就是在洗白 不说话是默认
然后一群人在词条对一个人辱骂拉踩和诋毁 并且还要嘲笑粉丝 享受一种一呼百应的感觉 以此获得自己内心的满足感
我如果不喜欢某个东西 我一定碰都不会碰 不知道又要看又要骂的人 到底是出于什么心理 可能现实生活里真的过得不太好吧
#假唱#",12625,520,493
4858287054656499,说给玫瑰开荒中,6786768819,f,2023-01-15 21:29:19,#假唱#要不是看了粉丝直拍我还真以为黑说的是真的呢。 别狗叫了，一起感谢拉高湖南卫视收视率，带湖南卫视登顶的男人吧 FLUOXETINE·王一博的微博视频,122380,6299,11836
4858298304826710,无事渡清欢,7294889230,f,2023-01-15 22:14:01,#假唱#小🍠刷到另外直拍咯 我说造谣的人不妨睁大眼睛看看 造谣的一人贡献两张无名的票房补偿哈 无名正在预售中 大年初一上映哈 无事渡清欢的微博视频,32699,1515,2323
4858501523052666,苏哥哥的披风,3482054497,f,2023-01-16 11:41:32,"#假唱#
不用相信突然的高位热搜和突然的发声，这个圈子，没有正义，只有利益",0,0,0
4858498657812998,行到水穷处1959,6606600270,m,2023-01-16 11:30:08,#假唱# 王一博这假唱也太明显了吧，内娱真是越来越完蛋，全是自己作的，活该完蛋,21,0,0
4858501450961326,蜜糖不甜不要吃,7366731777,f,2023-01-16 11:41:15,"#假唱#这流量确实高，一直挂着。

我顺便借着这个事情说一下我的看法吧，我感觉大型活动，能不能直接标明这个是假唱，还是半开麦，还是全开麦？

要不然真的是公说公有理，婆说婆有理，我一个啥都不知道的观众，我也判断不出来真假",0,0,0
4858425475072112,爱在19970805,1894890410,f,2023-01-16 06:39:20,"#假唱#
现场听到的。
不用怀疑。
#王一博无名首舞台#
现场版。
作为演员，舞者，哪怕你们说他不是歌手。
但，他尊重观众，敬畏舞台。
他从来知道，观众需要的是现唱。
对他来说，这么重要的场合。
每次舞台，都是他对艺术的卓越追求。
他对观众的极致尊重。
你可以不喜欢他，但请尊重彼此的互不打扰。
他是星光，终有一天，你会看见他的闪耀。 长沙 爱在19970805的微博视频",19,3,0
4858488973171013,在瓜田里犯了错,2710267057,f,2023-01-16 10:51:40,"关于王一博疑似假唱争议，粉丝解释是音画不同步和恶意剪辑，有路人说听到王一博是真唱。

#假唱##汪涵 多给我们家一博机会#",338,40,0
4858501342170000,绝对不为vip折腰,5970375872,f,2023-01-16 11:40:49,#假唱#其他的不了解不做评价，但是某人粉丝跑到杨培安微博下问你是谁啊？笑到我了！给你家偶像的脸省着点丟吧，哦也可能是已经没脸了,1,0,0
4858501312023879,冬日绪诗,5580021995,f,2023-01-16 11:40:42,#假唱#怎么还在rs上 昨天就挂了半天了,0,0,0
4858501258811826,甜啵yyds,7400877034,m,2023-01-16 11:40:29,#假唱#神tm酒窝？！这分明是被发面的苹果肌和恐怖的法令纹挤出的大号褶子吧#王一博无名舞台#,1,0,0
4858501220795752,九年义务开心,6105812317,f,2023-01-16 11:40:20,#假唱# #你如何看待假唱#  什么？谁假唱？真唱的舞台即使有点跑调也很有氛围啊,0,0,0
4858442487957062,楊培安RogerYang,1656409327,m,2023-01-16 07:46:57,"#假唱#
#你如何看待假唱#

這…還算是個能上熱搜的標題嗎？

現在還存不存在「假唱」這件事？
當然有！

不管官方再怎麼三申五令
就是有！
（連官方晚會自己都假唱了…）

不好意思…我一向有話直說…

怎麼看待假唱？分二個看法。

我可以接受其他人假唱。
尤其是演員、主持人等本業非歌手的。
我個人覺得這是可以被接受的。

我也能接受半假場（墊音）。
畢竟重大晚會或直播，主辦方可能有他們的要求
歌手不見得能「如願以償」。

我不能接受的：
是我楊培安自己假唱。在任何狀況下。
以及有人明明假唱，卻死不承認。

事實是什麼就是什麼。
騙得了所有人，別連自己跟老天爺都騙了。 台湾·台北",70925,2879,529
4858470967018355,野生炸姐,6354913856,f,2023-01-16 09:40:07,杨培安发文说自己讨厌假唱却死不承认的人 评论区有人问他：“你是谁” 拜托！！！他是《我相信》的原唱啊！！不会有人在学校没有听过吧…… #假唱##你如何看待假唱#,7789,329,11
4858471792509080,扒圈小记,5665478463,f,2023-01-16 09:43:23,歌手杨培安发文说：“有些人明明假唱，却不承认”，被质疑内涵王一博。 在杨培安评论区被王一博粉丝占领之后，他连忙在评论区回应：“没有针对哪一位歌手”。 大家觉得王一博到底有没有假唱？ #假唱##汪涵 多给我们家一博机会#,12832,476,21
4858446760903232,追剧综的李二狗,2151481347,m,2023-01-16 08:03:56,"#杨培安说不能接受自己假唱#
针对假唱现象，歌手杨培安发文说“我不能接受的是‘我杨培安自己假唱，任何情况下都不行。以及明明有人假唱，却死不承认”。
你怎么评价杨培安对假唱的态度？
杨培安有很多脍炙人口的作品，
比如《我相信》：我相信我就是我，我相信明天
《爱上你是一个错》：为你我付出这么的多，却让我痛到有苦不能说。因为我爱你就像那飞蛾扑向火。
你最喜欢哪一首？
#假唱#",3735,309,74
4858309150251299,nili火火,2359504980,f,2023-01-15 22:57:07,"#假唱# 尬黑的yxh，你是pg长头上，把脑子拉没了吗？你自己的网络延迟成ppt音画分离了（还是专门调过了？），就赖别人就开始乱造谣了，我看你是人穷怪屋基，屋漏怪瓦稀！废话少说，📣📣📣:大年初一看《无名》
看看你博哥的现场版直拍，开口跪！急了吧你急了吧尬黑凑表脸！废话少说，📣📣📣:大年初一看《无名》
（cr.logo） nili火火的微博视频",27866,1140,980
4858472917894472,我的啵塞東,7500764512,m,2023-01-16 09:47:52,#假唱# 真的没完了是吧 小黑子故意音画不同步尬黑 没有判断力的人才会跟着上当哟 三十年后保健品受众群体🈶️ 实在想看就来看看粉丝拍的现场 听完觉得还不过瘾那就大年初一再来电影院里听听 我的啵塞東的微博视频,24483,819,2186
4858475023437678,叫我姨太好了,5751949769,f,2023-01-16 09:56:14,"歌手杨培安发文谈自己对假唱的看法：“我不能接受我杨培安假唱，也不能接受有人明明假唱，却死不承认。”

王一博粉丝在评论区喊冤，另外说明昨天晚上的画面“被恶剪”。

杨培安解释：“我是对假唱这件事发表看法，没有针对个人的意思。为什么要帮自己支持的人的对号入座？”

#假唱# #你如何看待假唱#",12221,542,8
4858429304209999,是妳的小祖宗呀,6323630143,f,2023-01-16 06:54:34,#假唱#造谣的人永远看不到澄清，因为他们只看到他们想看到的。不知道说什么了，那就祝所有善良的人新年快乐，大过年还恰烂💰的过不了好年#你如何看待假唱# Ysoseek的微博视频,14496,561,605
4858459537015327,酒亓八五,1774751607,f,2023-01-16 08:54:42,"#汪涵 多给我们家一博机会#
现在的风气真恶心
万家盼你倒 找各种角度黑 拉低你路人缘
一条只有一个媒体发布的词条 能挂在热搜一整晚 现在还在“沸”，（真正需要上热搜的事从来都是被秒撤的）
粉丝不能发言 说话就是在洗白 不说话是默认
然后一群人在词条对一个人辱骂拉踩和诋毁 并且还要嘲笑粉丝 享受一种一呼百应的感觉 以此获得自己内心的满足感
我如果不喜欢某个东西 我一定碰都不会碰 不知道又要看又要骂的人 到底是出于什么心理 可能现实生活里真的过得不太好吧
#假唱#",12796,522,497
4858287054656499,说给玫瑰开荒中,6786768819,f,2023-01-15 21:29:19,#假唱#要不是看了粉丝直拍我还真以为黑说的是真的呢。 别狗叫了，一起感谢拉高湖南卫视收视率，带湖南卫视登顶的男人吧 FLUOXETINE·王一博的微博视频,122496,6309,11844
4858505041019303,BB赚大钱,3147316987,f,2023-01-16 11:55:30,#假唱#差不多得了 当谁都是靠流量吃饭的嘛 天天蹭不蹭的🙉,0,0,0
4858504966310233,夜炫羽,1184568997,m,2023-01-16 11:55:13,#假唱#现场直拍更像是假唱了，又不是说嘴型对上了就是真唱……,0,0,0
4858457423348185,戏精精精精,3214561073,m,2023-01-16 08:46:18,#你如何看待假唱#一大早还在讨论呢 #假唱#,1098,90,0
4858467816309573,寂静苦旅,5979017003,f,2023-01-16 09:27:36,#假唱#假唱都难听成这样，我觉得王一博没真唱应该是为了保护观众的，大家还是要感恩之心的。,153,21,3
4858504827110604,Wwwwwwwww_r,6175893384,m,2023-01-16 11:54:40,#假唱#笑死，内娱拉成这样，爱豆假唱有什么稀奇的，真唱才稀奇好嘛,0,0,0
4858504659076381,甜啵yyds,7400877034,m,2023-01-16 11:54:00,#假唱#虽然表演是假的，但是法令纹是真的啊#王一博无名舞台#,6,0,0
4858504638373738,靠着电风扇,5741063714,f,2023-01-16 11:53:55,"#假唱#
救命 先不说假不假唱 这个脸怎么越来越吃藕了
啊 我的眼睛",3,0,0
4858504630502764,俏小爷_kiki,1853174252,m,2023-01-16 11:53:53,#假唱# 过气歌手是懂得掌握流量密码的[机智][机智][机智],2,1,0
4858442487957062,楊培安RogerYang,1656409327,m,2023-01-16 07:46:57,"#假唱#
#你如何看待假唱#

這…還算是個能上熱搜的標題嗎？

現在還存不存在「假唱」這件事？
當然有！

不管官方再怎麼三申五令
就是有！
（連官方晚會自己都假唱了…）

不好意思…我一向有話直說…

怎麼看待假唱？分二個看法。

我可以接受其他人假唱。
尤其是演員、主持人等本業非歌手的。
我個人覺得這是可以被接受的。

我也能接受半假場（墊音）。
畢竟重大晚會或直播，主辦方可能有他們的要求
歌手不見得能「如願以償」。

我不能接受的：
是我楊培安自己假唱。在任何狀況下。
以及有人明明假唱，卻死不承認。

事實是什麼就是什麼。
騙得了所有人，別連自己跟老天爺都騙了。 台湾·台北",81326,2875,629
4858478760558622,酒亓八五,1774751607,f,2023-01-16 10:11:04,任何时候都有人愿意站出来帮他说话 #假唱#,4183,162,300
4858499736278121,扒剧猫,2105985544,f,2023-01-16 11:34:26,#杨培安说不能接受自己假唱# 杨培安微博评论区好魔幻。 因为他说不接受自己假唱，也接受不了明明有人假唱，但还不承认。 结果，一群人跑到杨培安微博下评论，有问他是谁的，也有人说他茶。 当然还有一大批网友说他敢说真话、很难得。 整个评论区都特别魔幻 #假唱#,522,230,229
4858298304826710,无事渡清欢,7294889230,f,2023-01-15 22:14:01,#假唱#小🍠刷到另外直拍咯 我说造谣的人不妨睁大眼睛看看 造谣的一人贡献两张无名的票房补偿哈 无名正在预售中 大年初一上映哈 无事渡清欢的微博视频,33038,1530,2338
4858294172131691,禁止洗糖,1803090453,f,2023-01-15 21:57:36,#假唱# 我的录频和黑子的怎么不一样啊，是不是直播有延迟呢，不如看看站姐直拍 ，最后大年初一，电影院《无名》与大家不见不散禁止洗糖的微博视频,57259,3052,4999
4858472917894472,我的啵塞東,7500764512,m,2023-01-16 09:47:52,#假唱# 真的没完了是吧 小黑子故意音画不同步尬黑 没有判断力的人才会跟着上当哟 三十年后保健品受众群体🈶️ 实在想看就来看看粉丝拍的现场 听完觉得还不过瘾那就大年初一再来电影院里听听 我的啵塞東的微博视频,25958,862,2304
4858475023437678,叫我姨太好了,5751949769,f,2023-01-16 09:56:14,"歌手杨培安发文谈自己对假唱的看法：“我不能接受我杨培安假唱，也不能接受有人明明假唱，却死不承认。”

王一博粉丝在评论区喊冤，另外说明昨天晚上的画面“被恶剪”。

杨培安解释：“我是对假唱这件事发表看法，没有针对个人的意思。为什么要帮自己支持的人的对号入座？”

#假唱# #你如何看待假唱#",13886,633,9
4858471792509080,扒圈小记,5665478463,f,2023-01-16 09:43:23,歌手杨培安发文说：“有些人明明假唱，却不承认”，被质疑内涵王一博。 在杨培安评论区被王一博粉丝占领之后，他连忙在评论区回应：“没有针对哪一位歌手”。 大家觉得王一博到底有没有假唱？ #假唱##汪涵 多给我们家一博机会#,14546,577,21
4858429304209999,是妳的小祖宗呀,6323630143,f,2023-01-16 06:54:34,#假唱#造谣的人永远看不到澄清，因为他们只看到他们想看到的。不知道说什么了，那就祝所有善良的人新年快乐，大过年还恰烂💰的过不了好年#你如何看待假唱# Ysoseek的微博视频,15042,586,633
4858287054656499,说给玫瑰开荒中,6786768819,f,2023-01-15 21:29:19,#假唱#要不是看了粉丝直拍我还真以为黑说的是真的呢。 别狗叫了，一起感谢拉高湖南卫视收视率，带湖南卫视登顶的男人吧 FLUOXETINE·王一博的微博视频,122837,6327,11878
4858523336313233,Explore_Aurora,7598086640,f,2023-01-16 13:08:13,#假唱#笑死我了，你不认识可以，但也不至于诋毁吧。什么叫做人家杨培安蹭，笑死，你家哥哥还唱人家的歌呢，也不知道谁蹭谁。笑死我好歹是个前辈你家哥哥看见都要尊称，你这倒好直接“这谁呀，蹭什么蹭”非要让别人不知道你是谁的粉丝一样。再说假唱就是假唱了别洗了越洗越黑。（不认识的建议看下面图片有人科普）,1,0,0
4858312498091715,奶膘奇遇记,7270929255,f,2023-01-15 23:10:25,"#假唱##假唱#
无所谓，我悟出来一个规律
当王一博跳舞时“他肯定是录播”
但王一博唱歌时“他肯定是对口型假唱”
总结:王一博业务能力牛到让黑子们都感觉有种不真实感
就...嗯。。。",204,13,2
4858511094450667,诗懿VIP,6022021264,f,2023-01-16 12:19:34,#假唱#不是哈哈哈哈哈哈哈哈哈哈哈哈哈哈哈哈哈哈哈哈哈哈哈哈哈哈哈哈哈哈为什么非要，我不理解，就是那个直拍真的就是，很假唱啊就是，话筒还没拿起来声音已经和后面的一模一样的音阶了吧哈哈哈哈哈,48,3,0
4858488029976047,深圳县令,1747150823,m,2023-01-16 10:47:55,辽宁绥中涉疫获刑四年司机：如果今天无罪明天就出车，得挣钱去网页链接#假唱#,21,7,10
4858304143296217,低调转身的少年,7650628161,m,2023-01-15 22:37:12,#假唱#都爆了！不是这种事儿工作室或🌸🌸直接发个声明，辟谣艺人没假唱不就行了吗……,147,36,6
4858522154567284,那就无愧于心就好了,5873857161,f,2023-01-16 13:03:31,"#假唱#还有那位杨培安老师，发表文章以后，评论底下都是骂王一博的，粉丝自然回去问。他也说了他不是说一博是说的这个现象。
所以，王一博粉丝就直接澄清这张图就可以。多跟某家🍵的粉丝学学，人家遇到内娱老艺人都是明显的嘲人家都能说成合作。
更何况我们这个歌手没有说
我们不是那种人，但在这个肮脏的娱乐圈，要学",2,0,0
4858522057049705,奶膘出道mtjj,6287348474,f,2023-01-16 13:03:08,#假唱#这大过年的！哪来那么多怨气来关注这么一件小事！都不想兔年好过了还是咋地！都快点回家去做寒假作业吧，有孩子的回家好好管教孩子，不要整天在网上以上帝视角批判别人，因为你不是上帝,1,0,0
4858521256466628,你号给我发一下,7312244577,f,2023-01-16 12:59:57,#假唱#假不假唱不知道没点开听，不想辣耳朵，但辣眼睛了，那法令纹太可怕了，在二十几岁的人脸上应该很少见,12,0,0
4858520941891634,呢个鬼,2176471464,f,2023-01-16 12:58:42,#假唱#《本来不知道谁假唱》,2,0,0
4858520535567100,桐妍童语么么,6333424556,f,2023-01-16 12:57:05,#假唱#假唱，对于作为唱跳俱佳的王一博来说，是不可能存在的！春节档电影的厮杀果然是激烈的，现在就开始了，无名持续领跑春节档电影预售看来是真的太厉害了！好的，知道啦！大年初一看电影无名！！！,6,0,0
